0,duration,total_fiat,total_biat,min_fiat,min_biat,max_fiat,max_biat,mean_fiat,mean_biat,flowPktsPerSecond,flowBytesPerSecond,min_flowiat,max_flowiat,mean_flowiat,std_flowiat,min_active,mean_active,max_active,std_active,min_idle,mean_idle,max_idle,std_idle
0,14992204,159,1,41734,42020,18319.4401,17051.05461,5461.112646,6059.614276,113.325566,15480.57911,1,40898,8829.330978,5503.865638,-1,0.0,-1,0.0,-1,0.0,-1,0.0
0,13376033,3351838,3355235,6656970,10020512,5004404.0,6687873.5,2337081.25,4713062.565,0.448563,20.035836,286,6653287,2675206.6,2786292.106,3355235,4458582.333,6653287,1900679.45,3351552,4457354.667,6653287,1901749.332
0,14421386,960273,959044,962014,963165,961385.8,961330.0,612.251664,978.854177,2.218927,248.519802,489,961431,465206.0,487567.9266,-1,0.0,-1,0.0,-1,0.0,-1,0.0
0,14981611,257,3,36276,33213,19054.14758,19180.0064,4299.507003,3536.806849,104.72839,12170.32,1,31983,9554.598852,6411.703039,-1,0.0,-1,0.0,-1,0.0,-1,0.0
1,10077556,10038964,10038322,10038964,10038322,10000000.0,10000000.0,0.0,0.0,0.396922,21.433768,38592,9999730,3359185.333,5750880.385,10038964,10000000.0,10038964,0.0,9999730,9999730.0,9999730,0.0
1,167052,5,15,140876,115256,28375.6,20220.71429,62890.86167,42935.76297,83.80624,22926.99279,5,115256,12850.15385,32173.27051,-1,0.0,-1,0.0,-1,0.0,-1,0.0
0,1045723,845,58,466959,419659,90760.36364,71338.92857,126735.1255,103903.6839,25.819457,4027.835287,48,419659,40220.11539,82668.27769,-1,0.0,-1,0.0,-1,0.0,-1,0.0
1,972348,114,55,271721,274318,92365.375,83358.77778,127215.8834,119755.3872,19.540329,6849.399598,8,271699,54019.33333,100718.3547,-1,0.0,-1,0.0,-1,0.0,-1,0.0
1,11628927,6,10,7122669,7186162,268971.6977,215350.5,1163006.095,1048571.35,8.513253,1596.707934,6,7122669,118662.5204,775447.3821,4123188,5641848.0,7160508,2147709.569,2968447,5045558.0,7122669,2937478.547
0,11108604,72,19,4028208,5001113,678634.6667,1110860.4,1356438.516,1866934.154,1.890427,703.68878,19,4950059,555430.2,1388206.908,1603516,3640124.0,4950059,1787701.807,1552462,3493259.0,4950059,1749744.6
0,14425580,959915,959639,962593,963357,961666.2667,961660.8,791.231858,1106.203269,2.218282,248.447549,519,962054,465341.2903,487682.8005,-1,0.0,-1,0.0,-1,0.0,-1,0.0
1,3023019,218,29,912989,763630,240166.4167,169432.3529,280414.6513,189298.0639,10.254649,1414.149233,29,763630,100767.3,162655.9344,-1,0.0,-1,0.0,-1,0.0,-1,0.0
0,195135,9,26,26987,65756,14506.88889,14104.0,11594.7928,23101.08285,117.867118,41150.99803,9,64573,8869.772727,15921.59576,-1,0.0,-1,0.0,-1,0.0,-1,0.0
0,228643,14,6,83890,66167,27198.66667,18454.90909,35918.9078,24770.7426,83.09898,29014.66478,2,65451,12702.38889,20757.29353,-1,0.0,-1,0.0,-1,0.0,-1,0.0
0,27340,1392,1,22350,1387,9113.333333,238.333333,11516.23275,562.921368,402.340892,337271.3972,1,22350,2734.0,6985.25408,-1,0.0,-1,0.0,-1,0.0,-1,0.0
1,14076220,6,16,13907675,13907669,1399772.9,1564024.444,4394867.956,4628997.036,1.491878,391.653441,6,13907644,703811.0,3107929.25,13907669,13900000.0,13907669,0.0,13907644,13900000.0,13907644,0.0
1,10077497,10038640,10038804,10038640,10038804,10000000.0,10000000.0,0.0,0.0,0.396924,21.433894,38693,9999947,3359165.667,5751085.336,10038640,10000000.0,10038640,0.0,9999947,9999947.0,9999947,0.0
1,2176462,262,242149,581961,532430,273149.5714,318044.5,227912.4137,107623.2839,6.891919,642.78632,16,532359,155461.5714,170333.0746,-1,0.0,-1,0.0,-1,0.0,-1,0.0
0,14991436,98,2,39412,48099,18387.74479,16989.86054,5273.228972,6249.715462,113.331371,15536.47029,2,34696,8828.878681,5069.663542,-1,0.0,-1,0.0,-1,0.0,-1,0.0
1,164148,7,43,26869,65895,8197.833333,13732.3,12048.99703,21350.35244,146.209518,33908.42411,7,65774,7136.869565,15756.3169,-1,0.0,-1,0.0,-1,0.0,-1,0.0
1,14462895,46,41,571373,925694,100436.7708,115012.9839,136962.0961,148720.0021,18.668462,2284.743131,15,571373,53765.40892,90699.85034,-1,0.0,-1,0.0,-1,0.0,-1,0.0
1,130700,-1,-1,-1,-1,0.0,0.0,0.0,0.0,15.302219,703.902066,130700,130700,130700.0,0.0,-1,0.0,-1,0.0,-1,0.0,-1,0.0
1,14381094,137904,819,3639227,3639281,532631.0,410887.3429,845464.4604,749965.3238,4.450287,509.349289,19,3639167,228271.3333,590058.0978,2399402,3443553.75,5867430,1629756.685,1713801,2309968.5,3639167,904257.4423
1,10077005,10038515,10038464,10038515,10038464,10000000.0,10000000.0,0.0,0.0,0.396943,21.43494,38490,9999974,3359001.667,5751250.747,10038515,10000000.0,10038515,0.0,9999974,9999974.0,9999974,0.0
1,14426853,142916,191,4092557,3808028,793789.3333,577074.12,1266783.881,1022337.075,3.119183,337.911532,21,3808028,327883.0227,809727.1319,3918758,4608284.333,5503396,812076.5941,1505681,3031480.0,3808028,1321451.181
1,916,916,-1,916,-1,916.0,0.0,0.0,0.0,2183.406114,87336.24454,916,916,916.0,0.0,-1,0.0,-1,0.0,-1,0.0,-1,0.0
0,5646277,9,32,4240621,4240702,344367.75,513297.9091,1058483.071,1248701.299,5.136128,1403.756847,9,4240607,201652.75,801205.3646,4460079,4460079.0,4460079,0.0,4240607,4240607.0,4240607,0.0
0,1069305,1937,5,540068,350615,92901.90909,37861.40741,150786.828,68477.3069,37.407475,4444.943211,5,350615,27418.07692,58336.88442,-1,0.0,-1,0.0,-1,0.0,-1,0.0
1,14440084,959391,958804,961216,961237,960063.5333,960057.8667,458.198548,662.4895,2.216054,310.247503,39110,921962,465809.1613,447756.8491,-1,0.0,-1,0.0,-1,0.0,-1,0.0
0,14992388,6,0,715257,744430,13458.15799,2800.585813,48578.47405,26123.75234,430.818626,498191.3488,0,715257,2321.521833,20693.83774,-1,0.0,-1,0.0,-1,0.0,-1,0.0
0,14426198,959676,959701,964998,965118,961706.6667,961698.2,1454.29262,1494.345184,2.218187,248.436906,472,964501,465361.2258,487764.8354,-1,0.0,-1,0.0,-1,0.0,-1,0.0
1,14985750,59,4058,28666,24515,19901.39442,19892.3506,2221.520323,1709.551423,100.628931,11716.5307,7,21816,9944.094227,7347.613167,-1,0.0,-1,0.0,-1,0.0,-1,0.0
0,14995182,90,5888,73024,25073,20072.94504,19993.576,6297.243295,3425.78859,99.898754,11088.76171,90,24100,10016.82164,4742.516232,-1,0.0,-1,0.0,-1,0.0,-1,0.0
0,14960299,2,8,2466493,2470999,16173.25405,23822.09873,104827.9857,126217.8471,103.941773,114378.8637,2,2338375,9626.962033,74994.9619,3748053,7179981.0,10611909,4853479.123,1109584,1723979.5,2338375,868886.4488
1,55,55,-1,55,-1,55.0,0.0,0.0,0.0,36363.63636,1454545.455,55,55,55.0,0.0,-1,0.0,-1,0.0,-1,0.0,-1,0.0
1,11450539,-1,28,-1,8764210,0.0,440405.3462,0.0,1716909.027,2.4453,133.618164,28,8764210,424094.037,1679877.671,10465966,10500000.0,10465966,0.0,8764210,8764210.0,8764210,0.0
1,170636,10,35,30604,65004,7560.5,12074.08333,11709.16988,20484.68162,164.091985,67559.01451,10,64789,6319.851852,14396.10824,-1,0.0,-1,0.0,-1,0.0,-1,0.0
0,14987413,15674,95,27067,97099,19997.2243,20253.26081,2840.891838,6581.305006,99.48348,11042.66627,2,24074,10058.66644,6919.627736,-1,0.0,-1,0.0,-1,0.0,-1,0.0
1,14788808,69,-1,13979312,-1,1232400.667,0.0,4015903.522,0.0,0.946662,112.720376,69,13849018,1137600.615,3820944.298,13979312,14000000.0,13979312,0.0,13849018,13800000.0,13849018,0.0
0,14951080,60,1,179994,186863,2600.387372,2600.487389,11981.7993,12094.30711,769.175203,558723.8514,-126,179561,1300.206975,8255.002296,-1,0.0,-1,0.0,-1,0.0,-1,0.0
1,10146584,12,15,7469541,7469910,252030.025,253026.675,1203617.762,1203407.38,8.081538,2445.059342,2,7444338,125266.4691,846151.4088,1800887,5000927.5,8200968,4525540.675,1701132,4572735.0,7444338,4061059.908
1,609130,33,55,163100,183015,62882.875,84140.66667,63699.24074,71448.79717,26.266971,8295.437755,14,163051,40608.66667,57606.02212,-1,0.0,-1,0.0,-1,0.0,-1,0.0
1,11904367,118,43,7409842,7555380,595218.35,452471.3846,1615712.037,1453839.185,4.032134,306.862179,10,7409842,253284.4043,1072313.425,9660878,9660878.0,9660878,0.0,7409842,7409842.0,7409842,0.0
0,14991066,133,2,35122,31123,19090.40382,19131.81098,4463.760898,3595.30403,104.729043,12254.76561,2,30384,9554.535373,5433.019049,-1,0.0,-1,0.0,-1,0.0,-1,0.0
1,14995114,211,829,27817,22897,19913.83001,19944.59521,1977.645337,1386.803308,100.432714,12951.35202,141,19907,9963.530897,4672.476188,-1,0.0,-1,0.0,-1,0.0,-1,0.0
1,10079937,10039400,10040866,10039400,10040866,10000000.0,10000000.0,0.0,0.0,0.396828,21.428705,39071,10000329,3359979.0,5750711.837,10039400,10000000.0,10039400,0.0,10000329,10000000.0,10000329,0.0
1,14441581,959661,958880,961101,961039,960209.8667,960155.5333,469.626807,717.307303,2.215824,310.215343,38412,922598,465857.4516,448377.1286,-1,0.0,-1,0.0,-1,0.0,-1,0.0
0,0,-1,-1,-1,-1,0.0,0.0,0.0,0.0,0.0,0.0,-1,-1,0.0,0.0,-1,0.0,-1,0.0,-1,0.0,-1,0.0
1,14943194,139822,349,4356285,4081868,747158.5,533683.7143,1255513.526,1032989.551,3.346005,446.959331,24,4081868,304963.1429,815718.8321,3076772,4627253.0,6445117,1700016.841,2659646,3380206.0,4081868,711299.3077
0,14428254,960306,960132,963618,964728,961835.8,961842.4,883.596603,1142.154687,2.217871,248.401504,492,963000,465427.5484,487868.7221,-1,0.0,-1,0.0,-1,0.0,-1,0.0
0,14998116,490,5945,66413,25306,20022.20455,19997.488,4394.057377,3427.670091,100.012562,11101.39434,84,24018,10005.41428,4711.087217,-1,0.0,-1,0.0,-1,0.0,-1,0.0
1,13068483,74,104,2113484,2113476,933461.2143,1089038.0,800470.9434,790226.4985,2.142559,382.293798,18,2113458,484017.8889,733594.2644,1973350,2613691.2,4048763,874873.5625,1025390,1840089.4,2113458,458418.0877
0,102216,1137,22,36766,37649,20443.2,14922.8,14828.37545,16468.36642,117.39845,87970.57212,22,27175,9292.363636,11289.69675,-1,0.0,-1,0.0,-1,0.0,-1,0.0
0,14998265,15472,91,25967,464811,19997.68667,20523.36575,2737.734738,17095.96436,98.811429,10968.06864,41,24029,10127.12019,6933.236606,-1,0.0,-1,0.0,-1,0.0,-1,0.0
1,14995183,35,14,24004,40098,17623.95882,17255.67664,5299.089769,6037.205695,114.77019,15106.3845,14,22035,8718.129651,4812.210139,-1,0.0,-1,0.0,-1,0.0,-1,0.0
0,5046841,40261,199854,1006047,806893,841111.0,500701.2,392342.0263,317067.3128,3.566587,233.01705,175,806461,296873.0,345844.6857,-1,0.0,-1,0.0,-1,0.0,-1,0.0
0,14996703,10,21,121689,42308,44028.21765,17458.32713,22224.84827,6414.314703,80.084269,13003.99161,4,39650,12497.2525,7250.578864,-1,0.0,-1,0.0,-1,0.0,-1,0.0
1,12641188,8,56,12389158,12389110,2106864.667,2520912.0,5037952.97,5517255.635,1.028384,428.440745,8,12389097,1053432.333,3570329.471,12428116,12400000.0,12428116,0.0,12389097,12400000.0,12389097,0.0
1,1788005,1787024,1788005,1787024,1788005,1787024.0,1788005.0,0.0,0.0,2.23713,118.567901,56,1787024,596001.6667,1031455.689,1787080,1787080.0,1787080,0.0,1787024,1787024.0,1787024,0.0
1,230883,19,-1,128666,-1,6412.5,0.0,22032.35642,0.0,164.585526,8736.026472,19,128666,6240.081081,21749.49783,-1,0.0,-1,0.0,-1,0.0,-1,0.0
0,6872478,38,184,20957,26022,19579.7094,19670.25501,2348.366125,2610.798128,102.146562,13006.95324,38,18215,9803.820257,4207.173695,-1,0.0,-1,0.0,-1,0.0,-1,0.0
0,10316091,439,586,219550,10007047,51514.66667,1712111.5,84980.14034,4064184.953,1.357103,424.579426,13,10007003,793545.4615,2768731.414,10316091,10300000.0,10316091,0.0,10007003,10000000.0,10007003,0.0
0,11173560,62459,57504,11037842,11116056,5550150.5,5586780.0,7760767.745,7819577.109,0.536982,81.442262,18076,11037842,2234712.0,4921120.917,11118377,11100000.0,11118377,0.0,11037842,11000000.0,11037842,0.0
0,14960243,15,4035,71876,483840,30283.89271,327352.8444,12175.31932,177533.2323,36.162514,7918.989016,15,71876,27704.1537,13820.00749,-1,0.0,-1,0.0,-1,0.0,-1,0.0
1,8027339,35,774,3972030,7027149,276119.5517,786332.6,825700.3327,2198858.224,5.107546,1655.716795,35,3808017,200683.475,687578.7937,2553652,3262841.0,3972030,1002944.702,2217706,3012861.5,3808017,1124519.692
1,8304312,311,203596,7504251,7504240,1990146.25,2683970.333,3677690.98,4175066.866,1.083774,406.174527,26,7504214,1038039.0,2616330.387,7960237,7960237.0,7960237,0.0,7504214,7504214.0,7504214,0.0
0,14964295,38,1,5384333,5388731,8504.382035,10063.03295,149853.3698,162973.5072,217.049985,143498.3071,-44,5384333,4608.652602,110284.3684,2126736,3306809.333,5387934,1807698.323,2124889,3304256.667,5384333,1806779.144
1,10078320,10039606,10039698,10039606,10039698,10000000.0,10000000.0,0.0,0.0,0.396892,21.432143,38622,10000984,3359440.0,5751745.825,10039606,10000000.0,10039606,0.0,10000984,10000000.0,10000984,0.0
1,10077302,10038554,10038379,10038554,10038379,10000000.0,10000000.0,0.0,0.0,0.396932,21.434309,38748,9999631,3359100.667,5750867.964,10038554,10000000.0,10038554,0.0,9999631,9999631.0,9999631,0.0
1,14997176,200,474,25377,32313,19904.06375,19889.27188,1864.132124,2053.666561,100.618943,10983.46782,5,20489,9945.076923,6311.58766,-1,0.0,-1,0.0,-1,0.0,-1,0.0
1,289530,289530,-1,289530,-1,289530.0,0.0,0.0,0.0,10.361621,3519.497116,3591,285939,144765.0,199650.1855,-1,0.0,-1,0.0,-1,0.0,-1,0.0
1,6161515,-1,648,-1,2631883,0.0,983506.8333,0.0,1149796.844,1.298382,468.066701,648,2631883,880216.4286,1084608.842,1613150,2053170.0,2632531,523780.8144,1352676,1965658.0,2631883,641263.4014
1,14994594,55,136,22879,23070,19893.67198,19891.31873,1910.847816,1636.496181,100.569579,11682.14358,4,21326,9949.96284,7453.26142,-1,0.0,-1,0.0,-1,0.0,-1,0.0
1,14994282,156,16,24428,44118,17561.17468,17360.9467,5266.559753,6155.158053,114.57701,15014.05669,16,21709,8732.837507,5198.369827,-1,0.0,-1,0.0,-1,0.0,-1,0.0
0,109438702,352,3,108532121,484696,10900000.0,89676.0,34300000.0,155860.2747,0.191888,65.598366,3,108532121,5471935.1,24300000.0,109438702,109000000.0,109438702,0.0,108532121,109000000.0,108532121,0.0
0,13139354,113,2,4465221,4414710,547427.5833,437978.4667,1206289.556,1090770.857,4.262006,1482.873511,1,4414710,238897.3455,828519.4199,2027447,3257792.0,4524980,1038199.063,1919304,3032798.75,4414710,1030469.159
1,14441365,959411,945400,960865,960601,960134.5333,959153.7333,377.065619,3817.258084,2.215857,310.219983,38716,921851,465850.4839,447225.2165,-1,0.0,-1,0.0,-1,0.0,-1,0.0
1,10077407,10038837,10038587,10038837,10038587,10000000.0,10000000.0,0.0,0.0,0.396928,21.434085,38570,10000017,3359135.667,5751171.94,10038837,10000000.0,10038837,0.0,10000017,10000000.0,10000017,0.0
1,3876098,104,134603,1016504,682862,266396.25,471542.0,388494.9425,217991.1943,5.675811,626.403151,21,679343,184576.0952,253294.9539,-1,0.0,-1,0.0,-1,0.0,-1,0.0
1,2785959,16,28,2649699,2675252,340086.125,552145.8,933376.5278,1187152.769,5.384142,1407.773768,10,2649699,198997.0714,705606.6597,2674979,2674979.0,2674979,0.0,2649699,2649699.0,2649699,0.0
0,13670385,19628,401,11343967,11344655,2273992.333,2269075.0,4522141.199,4527246.377,1.024112,160.639221,91,11289317,1051568.077,3129395.547,2216230,6780098.5,11343967,6454284.73,2105178,6697247.5,11289317,6494166.966
0,17037214,129,19,16899632,53729,1893023.778,13959.125,5627515.857,20155.79323,1.115206,320.651017,9,16899632,946511.8889,3981392.857,17037214,17000000.0,17037214,0.0,16899632,16900000.0,16899632,0.0
0,21662,3,-1,20067,-1,257.0,0.0,2189.381128,0.0,3970.085865,160234.512,3,20067,254.847059,2176.400595,-1,0.0,-1,0.0,-1,0.0,-1,0.0
0,60118200,135,1,60006082,56190,15000000.0,19396.33333,30000000.0,31879.89071,0.149705,38.507474,1,60006082,7514775.0,21200000.0,60118200,60100000.0,60118200,0.0,60006082,60000000.0,60006082,0.0
1,164008,-1,-1,-1,-1,0.0,0.0,0.0,0.0,12.194527,615.823618,164008,164008,164008.0,0.0,-1,0.0,-1,0.0,-1,0.0,-1,0.0
1,14987296,227011,14774201,14760285,14774201,7493648.0,14800000.0,10300000.0,0.0,0.333616,110.89392,21,14547211,3746824.0,7201007.164,14760285,14800000.0,14760285,0.0,14547211,14500000.0,14547211,0.0
0,56579,-1,-1,-1,-1,0.0,0.0,0.0,0.0,35.348804,2721.857933,56579,56579,56579.0,0.0,-1,0.0,-1,0.0,-1,0.0,-1,0.0
0,14996550,15013,5675,26376,24504,19995.4,19991.47797,2744.894399,3137.959763,100.089687,11109.95529,55,23080,9997.7,4764.426352,-1,0.0,-1,0.0,-1,0.0,-1,0.0
0,57536,-1,-1,-1,-1,0.0,0.0,0.0,0.0,34.760845,1494.716352,57536,57536,57536.0,0.0,-1,0.0,-1,0.0,-1,0.0,-1,0.0
0,14989292,209,3,45426,34657,19130.37165,19079.16178,4407.613478,3709.234181,104.741438,12237.6694,3,34657,9553.404716,4034.089793,-1,0.0,-1,0.0,-1,0.0,-1,0.0
1,14956527,26,27,1728509,1728502,141098.8396,177834.7857,245287.0269,289428.2384,12.837205,1782.365652,9,1728434,78306.42408,186766.759,2051131,3196229.0,4341327,1619413.122,1021428,1374931.0,1728434,499928.7369
1,10076244,10037934,10038000,10037934,10038000,10000000.0,10000000.0,0.0,0.0,0.396973,21.436559,38244,9999690,3358748.0,5751224.477,10037934,10000000.0,10037934,0.0,9999690,9999690.0,9999690,0.0
1,14983141,40,15,30514,49688,18271.85244,17335.58565,4978.133225,6263.338022,112.526472,15297.19303,4,21828,8892.07181,6295.977646,-1,0.0,-1,0.0,-1,0.0,-1,0.0
0,14996718,228,2,37979,24731,19137.32312,19156.5844,4559.821665,3630.768135,104.489529,12159.19377,2,22964,9576.448276,5344.704882,-1,0.0,-1,0.0,-1,0.0,-1,0.0
1,14636067,15,14,11823866,11886231,346977.6667,261358.3393,1819114.042,1585913.363,6.832437,1177.57045,8,11823866,147839.0606,1188575.168,11860761,11900000.0,11860761,0.0,11823866,11800000.0,11823866,0.0
0,0,-1,-1,-1,-1,0.0,0.0,0.0,0.0,0.0,0.0,-1,-1,0.0,0.0,-1,0.0,-1,0.0,-1,0.0,-1,0.0
0,127307550,78,1,127050938,208475,14100000.0,14587.5625,42300000.0,51996.84601,0.212085,164.821332,1,127050938,4896444.231,24900000.0,127307550,127000000.0,127307550,0.0,127050938,127000000.0,127050938,0.0
0,14999918,136,2,37757,23447,19181.10499,19181.48082,4679.225657,3458.228328,104.333904,12076.19935,2,21901,9590.740409,5285.753005,-1,0.0,-1,0.0,-1,0.0,-1,0.0
0,16903728,50,72,16721571,55898,1878192.0,17117.33333,5566337.419,25164.09696,1.005695,359.388178,12,16721571,1056483.0,4177393.851,16903728,16900000.0,16903728,0.0,16721571,16700000.0,16721571,0.0
1,5417261,17,9,265530,273783,11333.14017,5441.749476,40626.9251,29346.83551,264.709417,242846.1542,0,265501,3780.363573,23613.25797,-1,0.0,-1,0.0,-1,0.0,-1,0.0
1,276307,-1,276307,-1,276307,0.0,276307.0,0.0,0.0,10.857488,3687.926835,2997,273310,138153.5,191140.1553,-1,0.0,-1,0.0,-1,0.0,-1,0.0
1,135539,93,23,27294,37741,7308.2,7810.714286,10905.25432,13251.63547,228.716458,53999.21794,0,26249,4517.966667,9207.626359,-1,0.0,-1,0.0,-1,0.0,-1,0.0
0,10310670,374,602,207542,10010820,49979.16667,1711029.0,80180.93187,4066485.922,1.357817,424.705669,25,10010795,793128.4615,2769940.498,10310670,10300000.0,10310670,0.0,10010795,10000000.0,10010795,0.0
0,12863074,34,9,8691195,8660225,297597.9767,164589.1282,1340252.609,996125.8325,9.562255,1742.585015,8,8660225,105435.0328,797950.8689,2971856,6081590.5,9191325,4397828.705,1663753,5161989.0,8660225,4947252.796
0,14426525,960156,959938,963791,964017,961726.4667,961734.5333,950.765358,1011.148948,2.218136,248.431275,507,963214,465371.7742,487755.2369,-1,0.0,-1,0.0,-1,0.0,-1,0.0
0,14983897,15720,98,24706,70950,20001.70494,20058.76439,2749.249283,6249.65843,99.973992,11097.11312,48,24073,10009.28323,7160.349445,-1,0.0,-1,0.0,-1,0.0,-1,0.0
1,14987233,19,27,2766396,3009819,1152862.615,2141030.143,1199358.183,1213127.232,1.467916,640.078125,9,2766396,713677.7619,1091869.046,2002243,2751758.8,3002309,432143.1091,1774324,2562890.6,2766396,440845.4192
1,351458,351458,-1,351458,-1,351458.0,0.0,0.0,0.0,8.535871,497.925783,36477,314981,175729.0,196932.067,-1,0.0,-1,0.0,-1,0.0,-1,0.0
1,13725260,8,26,8313086,8249507,326791.9048,278804.1429,1365763.019,1259079.523,6.775828,2070.416152,8,8249507,149187.6087,923489.6006,2184407,4562322.333,8472622,3412706.152,1961730,4330102.667,8249507,3418816.948
1,4301991,37794,162,1422663,1452577,517659.0,537748.875,583691.5174,610839.1255,4.184109,656.440239,29,1252313,253058.2941,400843.0676,1422663,1950490.0,2478317,746460.102,1222399,1237356.0,1252313,21152.39223
1,13553007,866,134516,7739550,7884757,3300879.75,2710601.4,3797886.665,3509599.96,0.811628,74.079501,346,7606365,1355300.7,2654170.325,5462757,6601819.0,7740881,1610876.929,4856868,6231616.5,7606365,1944187.974
0,39609,18085,-1,21524,-1,19804.5,0.0,2431.740015,0.0,75.740362,12093.21114,18085,21524,19804.5,2431.740015,-1,0.0,-1,0.0,-1,0.0,-1,0.0
0,10006620,124,2,10006201,10006197,5003162.5,5003099.5,7075364.9,7075448.338,0.599603,26.882204,2,10005902,2001324.0,4474695.137,10006197,10000000.0,10006197,0.0,10005902,10000000.0,10005902,0.0
1,14983968,24,19,42054,60586,18292.8547,17337.22801,4976.138325,6075.181492,112.453524,15308.42832,8,22768,8897.84323,6067.614716,-1,0.0,-1,0.0,-1,0.0,-1,0.0
1,6793223,5,26,1232744,1238826,70506.28125,119529.6429,184827.9787,219544.7766,22.669652,7822.207515,5,1023051,44400.15033,109233.7175,6479983,6479983.0,6479983,0.0,1023051,1023051.0,1023051,0.0
1,31432722,21,15,210216,30264903,8983.269231,123899.0516,36681.59292,1906410.837,12.216568,10945.09092,2,30264897,82069.77024,1546459.271,31432722,31400000.0,31432722,0.0,30264897,30300000.0,30264897,0.0
1,10077162,10038790,10038779,10038790,10038779,10000000.0,10000000.0,0.0,0.0,0.396937,21.434606,38372,10000407,3359054.0,5751580.414,10038790,10000000.0,10038790,0.0,10000407,10000000.0,10000407,0.0
1,14440925,959373,958379,961041,962302,960071.6667,960115.0,459.38222,871.219384,2.215925,310.229435,38997,922044,465836.2903,447685.8745,-1,0.0,-1,0.0,-1,0.0,-1,0.0
0,11973981,318,7,6268153,6227783,234292.3333,129879.4674,922858.9425,689012.8181,12.10959,2035.997886,7,6202607,83152.64583,549934.9168,1724782,3934176.667,8277300,3761445.407,1590158,3160031.0,6202607,2635395.993
0,14991479,0,61,39209,24535,19230.98075,19235.36072,3640.290482,4406.918552,104.059113,11226.37733,0,21870,9616.086594,4851.655955,-1,0.0,-1,0.0,-1,0.0,-1,0.0
0,344024,7,8,154250,154177,898.234987,763.404157,8319.073644,7762.054961,2377.741088,6332308.211,2,154166,421.082007,5654.154318,-1,0.0,-1,0.0,-1,0.0,-1,0.0
0,14422321,959493,958276,963619,964778,961452.0667,961448.9333,1191.322313,1681.18385,2.218783,248.503691,534,963027,465236.1613,487604.1597,-1,0.0,-1,0.0,-1,0.0,-1,0.0
1,28,-1,-1,-1,-1,0.0,0.0,0.0,0.0,71428.57143,2857142.857,28,28,28.0,0.0,-1,0.0,-1,0.0,-1,0.0,-1,0.0
1,10305702,6,23,8717580,8924888,40256.64844,20154.49501,545276.148,398996.2054,73.648549,66693.46736,6,8717580,13595.91293,317042.0885,9992637,9992637.0,9992637,0.0,8717580,8717580.0,8717580,0.0
1,14701619,30,1166,10170531,10134500,488794.3667,639198.8261,1831183.01,2076002.9,3.741085,302.143594,28,10134438,272252.2037,1370098.372,12504074,12500000.0,12504074,0.0,10134438,10100000.0,10134438,0.0
0,2298,169,-1,2129,-1,1149.0,0.0,1385.92893,0.0,1305.483029,65709.31245,169,2129,1149.0,1385.92893,-1,0.0,-1,0.0,-1,0.0,-1,0.0
1,10078076,10038871,10038934,10038871,10038934,10000000.0,10000000.0,0.0,0.0,0.396901,21.432662,39142,9999729,3359358.667,5750729.399,10038871,10000000.0,10038871,0.0,9999729,9999729.0,9999729,0.0
0,14994749,178,2,38167,25503,19094.72866,19110.37755,4697.778462,3416.926892,104.77001,12260.55868,2,22721,9550.795541,5033.529369,-1,0.0,-1,0.0,-1,0.0,-1,0.0
0,14985913,16,332,28483,25555,19155.70972,19109.90689,3889.949133,4064.480771,104.631596,12343.72574,16,19254,9563.441608,5455.14801,-1,0.0,-1,0.0,-1,0.0,-1,0.0
1,14995339,19,40,1163309,789579,87959.72941,166614.8778,201916.7303,181726.4717,17.472096,5800.135629,14,789579,57453.40613,118408.3793,-1,0.0,-1,0.0,-1,0.0,-1,0.0
1,10280983,24,41,2069127,2069296,227609.8444,177254.6207,446854.6624,391073.9503,10.213031,4260.876611,9,2069093,98855.60577,302975.8899,2378957,3327213.667,4053044,858921.9558,1376576,1744210.0,2069093,348232.2283
0,14999970,79,1,8894527,8894912,416665.8333,306181.3261,1489454.844,1322910.946,5.600011,2082.470832,1,8894143,180722.5301,994930.7078,10006827,10000000.0,10006827,0.0,8894143,8894143.0,8894143,0.0
1,14661702,-1,18,-1,2032724,0.0,125313.6923,0.0,273005.9833,8.116384,2896.253109,18,2032724,124251.7119,271997.696,11444300,11400000.0,11444300,0.0,2032724,2032724.0,2032724,0.0
1,14276177,42,0,1100436,1100449,73969.01554,64343.96833,247597.9565,232452.91,29.139454,6637.141022,0,1100352,34400.42651,172393.8131,1024426,2522277.5,6906736,2923103.052,1018903,1066506.0,1100352,35726.91233
1,835889,51,8,206377,216713,57294.63636,62992.6,95682.58432,93530.43375,27.515615,7424.430756,8,206069,37994.95455,77025.94039,-1,0.0,-1,0.0,-1,0.0,-1,0.0
0,12183943,3,7,4046710,4005648,17196.36544,19683.26817,241485.4503,254961.2116,108.913838,259326.2296,2,4005648,9188.493967,174400.8457,3597773,4005359.0,4412901,407564.0018,3144866,3649460.667,4005648,449171.4209
0,14999813,67,159,30075,22533,19814.81242,19662.81234,1571.059256,2701.686456,101.401264,12853.42691,26,16563,9868.298026,3186.261799,-1,0.0,-1,0.0,-1,0.0,-1,0.0
0,14791178,31,15,287345,326866,46956.12064,19878.69314,46392.51519,42137.96861,71.664339,248182.2611,5,287314,13967.11804,29002.40589,-1,0.0,-1,0.0,-1,0.0,-1,0.0
0,8535132,47387,35436,8282896,8231836,4165141.5,2845044.0,5823384.26,4666545.968,0.82014,88.692243,60,8231776,1422522.0,3336330.859,8267272,8267272.0,8267272,0.0,8231776,8231776.0,8231776,0.0
0,57780,-1,-1,-1,-1,0.0,0.0,0.0,0.0,34.614053,1488.404292,57780,57780,57780.0,0.0,-1,0.0,-1,0.0,-1,0.0,-1,0.0
1,573796,268018,310,305778,267737,286898.0,134023.5,26700.35204,189099.4452,10.456678,1235.630782,21,305728,114759.2,157541.7953,-1,0.0,-1,0.0,-1,0.0,-1,0.0
1,10077957,10039044,10039212,10039044,10039212,10000000.0,10000000.0,0.0,0.0,0.396906,21.432915,38745,10000299,3359319.0,5751257.387,10039044,10000000.0,10039044,0.0,10000299,10000000.0,10000299,0.0
1,14988822,52,127,22809,27383,19894.49137,19895.11023,1870.998638,1812.540086,100.608307,11204.68306,32,19826,9946.132714,3769.609102,-1,0.0,-1,0.0,-1,0.0,-1,0.0
0,10215432,86,2,165692,9998824,72217.66667,2541161.25,84840.84437,4972386.061,0.88102,342.814675,2,9998779,1276929.0,3524631.073,10215432,10200000.0,10215432,0.0,9998779,9998779.0,9998779,0.0
0,14999828,80,24,29105,25158,19155.56138,19132.43367,3749.070143,3870.177977,104.534532,12312.40785,24,22048,9572.321634,8171.044291,-1,0.0,-1,0.0,-1,0.0,-1,0.0
0,14998403,5667,15572,24792,25343,20004.48865,19994.31333,3204.472012,2751.214044,100.077322,11108.58269,24,23388,9998.935333,7088.210648,-1,0.0,-1,0.0,-1,0.0,-1,0.0
0,14998856,10,48,44790,122306,17542.52164,45364.18788,6122.198446,24455.71792,79.139369,12970.92258,1,40802,12646.59022,7385.400059,-1,0.0,-1,0.0,-1,0.0,-1,0.0
0,14430509,959981,960130,963538,964957,961897.8667,961999.0667,1044.434869,1328.234057,2.217524,248.362688,523,962916,465500.2903,487853.2197,-1,0.0,-1,0.0,-1,0.0,-1,0.0
0,14995249,57,49,23527,149162,18023.13582,41933.59944,5100.462968,26854.15563,79.425157,13023.9918,12,22865,12601.04958,7391.109123,-1,0.0,-1,0.0,-1,0.0,-1,0.0
1,14998715,6186,54,26941,24444,19889.57692,19918.61222,1914.939755,1712.719438,100.608619,11176.62413,7,21276,9946.09748,7389.630908,-1,0.0,-1,0.0,-1,0.0,-1,0.0
1,14440946,959393,956848,961794,963266,960101.4667,960156.6,583.196287,1326.832872,2.215921,310.228984,38431,923137,465836.9677,448154.4023,-1,0.0,-1,0.0,-1,0.0,-1,0.0
0,14993567,96,5780,54018,24197,20015.23632,20000.28571,4625.322179,3449.467163,100.042905,11104.76246,51,24048,10002.37959,6081.18234,-1,0.0,-1,0.0,-1,0.0,-1,0.0
1,14675255,286,541,1050518,831816,253604.7719,276891.6038,327260.607,233859.9498,7.631895,676.785514,16,811849,132209.5045,194081.1276,-1,0.0,-1,0.0,-1,0.0,-1,0.0
1,14998078,94,20,31284,39871,18157.47942,17342.77546,5069.072296,6129.258437,112.814455,14912.04406,20,24958,8869.354228,4041.216014,-1,0.0,-1,0.0,-1,0.0,-1,0.0
0,14988197,3735,15590,25492,24693,20005.67557,19999.21896,3116.419393,2768.24979,100.078749,11108.7411,5,23346,9998.797198,6944.754906,-1,0.0,-1,0.0,-1,0.0,-1,0.0
0,14998427,380,5694,54542,24967,19992.65421,19990.59467,4604.475465,3324.019233,100.077161,11108.56492,48,24057,9998.951333,6184.897461,-1,0.0,-1,0.0,-1,0.0,-1,0.0
0,14988940,98,2,36183,40754,18323.88753,16966.16421,5364.337877,5901.624748,113.617107,15546.66307,2,24046,8806.66275,5588.87015,-1,0.0,-1,0.0,-1,0.0,-1,0.0
0,110003958,142,1,109212841,136155,5000179.909,20675.5,23300000.0,41420.72457,0.545435,469.537651,1,109212841,1864473.864,14200000.0,110003958,110000000.0,110003958,0.0,109212841,109000000.0,109212841,0.0
1,13547455,197,89,6918331,6920199,1693422.75,1505254.444,2348435.125,2236775.32,1.402477,191.03219,9,6712160,752636.3889,1670292.045,1774475,3335389.0,6920199,2432110.142,1361994,3130858.25,6712160,2463437.732
0,12284671,116,3,5894628,5895053,1023722.583,815564.2667,2079807.013,1891112.612,2.360666,1129.863388,3,5894429,438738.25,1422656.226,1224231,4077913.667,6007751,2522029.648,1119913,3971202.0,5894429,2518923.394
1,14629259,14355225,14352825,14355225,14352825,14400000.0,14400000.0,0.0,0.0,0.273425,13.671232,274034,14078791,4876419.667,7969487.44,14355225,14400000.0,14355225,0.0,14078791,14100000.0,14078791,0.0
1,10078748,10039833,10040053,10039833,10040053,10000000.0,10000000.0,0.0,0.0,0.396875,21.431233,38695,10001138,3359582.667,5751755.64,10039833,10000000.0,10039833,0.0,10001138,10000000.0,10001138,0.0
1,7303934,174,492018,6528712,6528739,2270719.333,3510378.5,3690245.558,4268606.355,0.958388,54.90192,68,6528644,1217322.333,2609750.31,6811916,6811916.0,6811916,0.0,6528644,6528644.0,6528644,0.0
1,14999775,57,6760,25558,23131,19948.31292,19946.50931,1794.210685,1353.497066,100.334838,11471.23874,7,20735,9973.254654,7355.078176,-1,0.0,-1,0.0,-1,0.0,-1,0.0
0,14595616,196,959,5458284,5912848,1322208.364,2084109.714,2094177.761,2488770.853,1.370274,151.689384,96,5458284,768190.3158,1640196.937,3493689,4498066.667,5463720,985586.2295,3486721,4355243.0,5458284,1006486.233
1,14798593,14,8,7764461,7764563,568203.7692,422079.9714,1702863.31,1481656.218,4.257161,860.419636,8,7739231,238686.9839,1120754.759,2163106,4691714.667,7836776,2886631.815,2060374,4590328.0,7739231,2889580.87
1,3189685,8,15,1179331,1179330,75710.975,57994.27273,217492.9925,185624.102,30.410526,5741.632794,8,1154068,33225.88542,139375.0044,2842624,2842624.0,2842624,0.0,1154068,1154068.0,1154068,0.0
0,11893646,2,2,9513444,9471035,320766.6486,237371.38,1562739.972,1340724.837,7.482987,1789.947338,2,9445699,135155.0682,1009909.763,10040343,10000000.0,10040343,0.0,9445699,9445699.0,9445699,0.0
1,13297829,-1,29,-1,5069323,0.0,731088.6667,0.0,1268357.982,1.504005,83.998674,29,5069323,699885.7368,1240103.547,1692386,2659565.8,5275895,1486232.738,1152170,2296657.2,5069323,1594545.942
0,14995808,197,3,38851,40799,19102.94013,19155.2532,4540.25127,3736.976124,104.62924,12167.06696,3,36516,9563.653061,4910.197755,-1,0.0,-1,0.0,-1,0.0,-1,0.0
0,14990893,131,2,43162,36487,19136.788,19181.95134,4842.302008,3606.532489,104.463423,12227.35697,1,36284,9578.845367,6429.645604,-1,0.0,-1,0.0,-1,0.0,-1,0.0
0,14423562,960717,960750,962668,962937,961527.2667,961528.8667,648.123441,711.773275,2.218592,248.48231,531,962021,465276.1935,487749.0809,-1,0.0,-1,0.0,-1,0.0,-1,0.0
0,14974255,5,6,1926962,1760608,15647.07942,24956.39833,108652.5251,136648.2773,104.112024,113542.8106,1,1760608,9611.203466,78140.0066,5048984,5083837.0,5118690,49289.58528,1485794,1623201.0,1760608,194322.843
0,14996695,107,471,37515,23951,19111.29975,19060.94275,4736.163861,3633.20755,104.823096,12218.15873,7,22423,9545.954806,6365.456587,-1,0.0,-1,0.0,-1,0.0,-1,0.0
1,141709,37,7,27353,34683,7704.466667,8238.642857,11563.35035,13091.25177,218.758159,50102.6752,7,26368,4723.633333,9469.364258,-1,0.0,-1,0.0,-1,0.0,-1,0.0
0,14426553,960734,959802,963369,963763,961696.8667,961732.1333,829.390944,1098.564087,2.218132,248.430793,515,962708,465372.6774,487708.2944,-1,0.0,-1,0.0,-1,0.0,-1,0.0
0,14999384,59,170,21025,26121,19710.09724,19642.21756,1960.156234,2737.086281,101.737511,13005.00074,5,16477,9835.661639,3202.964919,-1,0.0,-1,0.0,-1,0.0,-1,0.0
1,14796770,7,32,3425539,3375087,106920.6304,102044.2621,471890.6281,452673.3265,19.26096,4374.603376,6,3374853,52101.30282,326596.471,1748210,2947208.0,3903193,879998.1567,1688252,2326435.4,3374853,690869.5475
1,11512900,63,-1,7831088,-1,287822.5,0.0,1246409.001,0.0,3.648082,210.112135,63,7831088,280802.439,1230796.555,1295634,5748272.0,10200910,6296981.048,1273894,4552491.0,7831088,4636636.343
1,278414,278414,-1,278414,-1,278414.0,0.0,0.0,0.0,10.77532,3660.017097,3704,274710,139207.0,191630.1803,-1,0.0,-1,0.0,-1,0.0,-1,0.0
1,1244927,1047194,974983,1047194,974983,1047194.0,974983.0,0.0,0.0,3.21304,199.208468,197733,777250,414975.6667,315809.4783,-1,0.0,-1,0.0,-1,0.0,-1,0.0
1,2425693,43,1861,243041,384340,132424.7222,220511.6364,77179.75506,162240.4784,12.779853,1235.110956,43,243041,80856.43333,83268.98831,-1,0.0,-1,0.0,-1,0.0,-1,0.0
0,0,-1,-1,-1,-1,0.0,0.0,0.0,0.0,0.0,0.0,-1,-1,0.0,0.0,-1,0.0,-1,0.0,-1,0.0,-1,0.0
0,14999075,697,26,26596,29647,19131.47321,19130.99106,3655.96111,3752.634717,104.606451,12235.28784,26,21344,9565.736607,3997.91025,-1,0.0,-1,0.0,-1,0.0,-1,0.0
0,14924838,465,74,7532989,7608791,403374.0,265481.7321,1238944.907,1029871.839,6.365228,417.625974,29,7532989,158774.8723,792948.7801,2731232,6304971.5,9878711,5054030.869,1763271,4648130.0,7532989,4079806.723
1,39080,-1,-1,-1,-1,0.0,0.0,0.0,0.0,51.177073,2763.561924,39080,39080,39080.0,0.0,-1,0.0,-1,0.0,-1,0.0,-1,0.0
0,14425921,959320,958904,963095,963290,961690.5333,961641.0,1114.542338,1218.213886,2.218229,248.441677,479,962317,465352.2903,487808.6711,-1,0.0,-1,0.0,-1,0.0,-1,0.0
0,14999982,69,24,24173,121093,18072.26747,41144.08815,4587.289376,23951.48848,79.666762,12983.68225,24,21169,12562.799,7426.5516,-1,0.0,-1,0.0,-1,0.0,-1,0.0
1,14975954,2,14,7860352,7860842,453816.7879,347677.0698,1474104.467,1301349.358,5.208349,1223.895319,2,7835003,194492.9091,977873.4037,1981213,3671017.5,7938645,2862919.06,1883327,3570946.0,7835003,2860557.693
0,14991406,17,0,7723710,7725102,50818.32542,50690.52577,449683.7593,451800.0189,39.222472,4683.816848,0,7723710,25539.02215,318755.6319,8338570,8338570.0,8338570,0.0,7723710,7723710.0,7723710,0.0
1,14939371,84,8,259992,257925,92422.26087,13321.30404,58433.71393,42773.31438,85.54577,102158.5179,6,216354,11698.80266,29642.19744,-1,0.0,-1,0.0,-1,0.0,-1,0.0
1,14946951,213647,14735437,14733304,14735437,7473475.5,14700000.0,10300000.0,0.0,0.334516,110.122794,20,14521810,3736737.75,7190746.272,14733304,14700000.0,14733304,0.0,14521810,14500000.0,14521810,0.0
1,10077310,10038946,10038905,10038946,10038905,10000000.0,10000000.0,0.0,0.0,0.396931,21.434291,38364,10000541,3359103.333,5751653.737,10038946,10000000.0,10038946,0.0,10000541,10000000.0,10000541,0.0
1,2176302,2397,44,638970,493756,185938.0,127608.4375,172017.8357,118874.7836,13.325356,1701.510176,26,493756,77725.07143,105316.594,-1,0.0,-1,0.0,-1,0.0,-1,0.0
1,14960333,3,0,1115218,1477305,226760.661,127866.094,340971.8187,231214.6168,11.898131,5809.162136,0,1348247,84521.65537,189038.6247,1348247,1348247.0,1348247,0.0,1348247,1348247.0,1348247,0.0
1,12553529,3,6,7436567,7436518,544706.5652,432010.0345,1650935.981,1480400.009,4.301579,1201.972768,3,7411200,236859.0377,1102344.831,2426517,4147297.0,7511468,2913714.494,2329655,4049269.667,7411200,2911773.593
0,12551785,2548760,2498645,10003025,7503441,6275892.5,5001043.0,5270961.33,3538925.19,0.47802,21.510885,661,7503441,2510357.0,3052838.203,2498923,4183928.333,7504102,2875462.713,2497984,4166782.667,7503441,2889630.919
0,14989166,134,2,38562,29186,18372.72147,17042.8339,5229.269265,5716.955802,113.14839,15539.55704,2,21891,8843.165782,5241.609098,-1,0.0,-1,0.0,-1,0.0,-1,0.0
1,107290,19,243,30111,53935,11921.11111,13860.0,13389.76772,26719.11328,139.807997,47963.46351,12,30057,7663.571429,11880.09245,-1,0.0,-1,0.0,-1,0.0,-1,0.0
0,10035264,4970548,4968941,5039496,5041440,5005022.0,5005190.5,48753.59834,51264.53452,0.597892,156.348652,24883,5014613,2007052.8,2713272.519,4970548,5005022.0,5039496,48753.59834,4943721,4979167.0,5014613,50128.21392
1,14760966,13,16,9931231,9931644,368392.925,300722.4286,1656460.802,1500059.828,6.164908,1712.489548,9,9906122,164010.7333,1108148.214,4660495,7331919.0,10003343,3777964.052,3616906,6761514.0,9906122,4447147.282
1,207079,207079,-1,207079,-1,207079.0,0.0,0.0,0.0,14.487225,13622.82028,461,206618,103539.5,145775.0127,-1,0.0,-1,0.0,-1,0.0,-1,0.0
0,14987419,118,3,36811,24262,19116.60587,19131.61558,4605.983323,3494.974704,104.687805,12071.65824,3,21008,9558.302934,4900.611297,-1,0.0,-1,0.0,-1,0.0,-1,0.0
0,14997259,357101,2,2215800,623248,1459164.0,672.432363,795460.6141,10873.52888,1487.738526,74807.93657,2,623248,672.191251,10870.13525,-1,0.0,-1,0.0,-1,0.0,-1,0.0
1,344,169,-1,175,-1,172.0,0.0,4.123106,0.0,8720.930233,933139.5349,169,175,172.0,4.123106,-1,0.0,-1,0.0,-1,0.0,-1,0.0
0,14984375,4,37,357132,318425,24469.45752,46248.07099,44236.13951,36096.80568,62.59854,200235.512,4,318394,15991.86233,26309.7201,-1,0.0,-1,0.0,-1,0.0,-1,0.0
0,0,-1,-1,-1,-1,0.0,0.0,0.0,0.0,0.0,0.0,-1,-1,0.0,0.0,-1,0.0,-1,0.0,-1,0.0,-1,0.0
1,14988238,2369,1431,28042,41265,19901.22576,19893.09562,2018.332366,2060.244868,100.612227,11392.19967,1,21910,9945.745189,5973.638033,-1,0.0,-1,0.0,-1,0.0,-1,0.0
0,595335,147,1,149588,150160,56111.5,64211.0,76119.77006,79634.62792,28.555351,9628.19253,1,149543,37208.4375,65657.22366,-1,0.0,-1,0.0,-1,0.0,-1,0.0
0,14990294,7,0,609813,639028,12900.35628,2829.421857,42697.01609,22760.81592,431.078937,494301.7795,0,609813,2320.119796,18730.01222,-1,0.0,-1,0.0,-1,0.0,-1,0.0
1,14445345,959202,956298,961800,965012,960456.2667,960383.8,680.035185,2477.580781,2.215247,310.13451,38449,923351,465978.871,447933.805,-1,0.0,-1,0.0,-1,0.0,-1,0.0
1,14993651,111,138,2771958,3000030,1153355.538,2141944.571,1204066.545,1215051.112,1.467288,639.804141,29,2771958,713983.381,1095101.058,2008479,2754253.4,3001685,429352.907,1780406,2569614.0,2771958,441193.7434
1,133194,-1,-1,-1,-1,0.0,0.0,0.0,0.0,15.015691,750.78457,133194,133194,133194.0,0.0,-1,0.0,-1,0.0,-1,0.0,-1,0.0
1,14044232,46,18,2464267,2464190,216059.4769,146291.1979,482879.5033,405558.8491,11.606188,2060.561233,18,2463861,86692.79012,319027.8745,1417686,2778730.4,4686470,1339447.254,1212323,1660848.8,2463861,502556.1399
1,1162120,4,12,208856,208131,8939.384615,3809.482072,36448.00208,23242.53032,329.570096,296404.8463,3,207708,3042.198953,21570.46678,-1,0.0,-1,0.0,-1,0.0,-1,0.0
1,290936,-1,-1,-1,-1,0.0,0.0,0.0,0.0,6.874364,343.718206,290936,290936,290936.0,0.0,-1,0.0,-1,0.0,-1,0.0,-1,0.0
1,10078593,10039779,10039609,10039779,10039609,10000000.0,10000000.0,0.0,0.0,0.396881,21.431563,38814,10000795,3359531.0,5751503.338,10039779,10000000.0,10039779,0.0,10000795,10000000.0,10000795,0.0
1,2871452,2870532,2871452,2870532,2871452,2870532.0,2871452.0,0.0,0.0,1.393023,73.830243,60,2870532,957150.6667,1657036.89,2870592,2870592.0,2870592,0.0,2870532,2870532.0,2870532,0.0
1,14345759,-1,39,-1,1285404,0.0,193861.6081,0.0,297116.124,5.297733,4869.104521,39,1285404,191276.7867,292342.0127,1692120,3309280.0,5329366,1851796.867,1138344,1203438.0,1285404,74967.72097
1,11422690,12,13,5040062,5041972,284935.375,237441.0625,1010887.925,927057.8711,7.879055,2190.990038,4,5014898,128344.8315,683214.5748,1478448,3762760.333,5146205,1992933.082,1181324,3391169.667,5014898,1982857.168
1,14838532,7,19,14597125,14556285,777545.5263,673314.4091,3346600.881,3100874.668,2.897861,802.842222,7,14530890,353298.381,2241065.579,14716101,14700000.0,14716101,0.0,14530890,14500000.0,14530890,0.0
1,27,27,-1,27,-1,27.0,0.0,0.0,0.0,74074.07407,5000000.0,27,27,27.0,0.0,-1,0.0,-1,0.0,-1,0.0,-1,0.0
1,14817496,35,34,1017753,1028587,250457.5932,336076.1163,216161.7386,287864.3648,7.01873,830.302232,9,564079,143859.1845,167152.1288,-1,0.0,-1,0.0,-1,0.0,-1,0.0
0,14986867,39,75,25635,54075,19129.13282,19131.28225,3705.458259,4197.114255,104.624936,12203.88491,39,24072,9564.050415,4072.184233,-1,0.0,-1,0.0,-1,0.0,-1,0.0
0,14998182,-1,14953702,-1,14953702,0.0,15000000.0,0.0,0.0,0.200024,10.401261,44480,14953702,7499091.0,10500000.0,14998182,15000000.0,14998182,0.0,14953702,15000000.0,14953702,0.0
1,14999462,52,157,26234,23079,19861.2374,19893.18568,2197.672866,1659.848689,100.670277,11397.20878,52,17672,9940.001325,3518.899302,-1,0.0,-1,0.0,-1,0.0,-1,0.0
0,14424389,960192,960024,963630,963729,961506.9333,961569.8,1034.721492,1119.589893,2.218465,248.468063,535,962989,465302.871,487628.4406,-1,0.0,-1,0.0,-1,0.0,-1,0.0
0,13132227,3,3,9710963,9711075,409590.2188,297890.6364,1744285.997,1492324.213,5.939587,1534.317066,3,9685932,170548.4026,1128599.894,2610653,6279572.0,9948491,5188635.009,2254944,5970438.0,9685932,5254502.006
0,10570356,4,3,3961219,3974236,8442.776358,7031.437708,170221.0787,156051.6658,260.634552,431541.1893,1,3961219,3838.183007,114822.5703,2554288,3510851.0,3997051,828445.7027,2411772,3407890.0,3961219,864432.2272
0,14971924,34,35371,94287,485637,30246.31111,331094.4,13052.02436,153847.602,36.201092,7914.814422,34,94287,27674.53604,14592.68055,-1,0.0,-1,0.0,-1,0.0,-1,0.0
0,14982470,10,9,279894,316828,49647.84385,20957.71108,28224.21416,31115.41302,67.812584,251632.2075,2,279862,14761.05419,19487.99053,-1,0.0,-1,0.0,-1,0.0,-1,0.0
0,162875,305,3,51221,28669,23267.85714,18283.33333,17822.01055,14176.38947,92.095165,51831.15886,3,27332,11633.92857,12991.84748,-1,0.0,-1,0.0,-1,0.0,-1,0.0
1,3292204,81,86,3282857,3282837,823036.0,823040.25,1639886.19,1639870.008,3.037479,1231.697671,27,3282810,365800.4444,1093882.656,3283042,3283042.0,3283042,0.0,3282810,3282810.0,3282810,0.0
1,135520,-1,-1,-1,-1,0.0,0.0,0.0,0.0,14.757969,745.27745,135520,135520,135520.0,0.0,-1,0.0,-1,0.0,-1,0.0,-1,0.0
1,14965438,41,0,2365846,2301839,91159.12805,89066.625,403656.4169,391424.0541,22.318091,5277.961126,0,2291972,44941.25526,279781.5158,1695993,1867997.75,2373095,230083.0975,1636148,1813318.125,2291972,219061.4153
0,14985825,135,2,41155,43566,19084.66369,19131.80077,4747.213756,3877.297846,104.76567,12232.75996,2,36266,9551.195029,6585.299449,-1,0.0,-1,0.0,-1,0.0,-1,0.0
0,14515212,5,3,5103003,5166827,402488.4167,308834.2979,1272583.439,1126140.319,5.855925,984.622202,2,5103003,172800.1429,846166.1447,4304956,4766026.0,5141194,424685.6053,4230613,4523232.0,5103003,502103.8551
0,0,-1,-1,-1,-1,0.0,0.0,0.0,0.0,0.0,0.0,-1,-1,0.0,0.0,-1,0.0,-1,0.0,-1,0.0,-1,0.0
1,14995913,5159,90,25860,32987,19914.8911,19891.96282,1751.87252,1745.856968,100.560733,11253.59956,6,20988,9950.838089,6660.565555,-1,0.0,-1,0.0,-1,0.0,-1,0.0
1,337389,337389,-1,337389,-1,337389.0,0.0,0.0,0.0,8.891813,1656.841213,36,337353,168694.5,238519.1381,-1,0.0,-1,0.0,-1,0.0,-1,0.0
0,14296626,2,1,9491672,9491820,445979.6563,339796.3095,1761013.731,1543097.806,5.31594,1410.822386,1,9466618,190621.68,1157056.247,3980575,6962228.5,9943882,4216694.818,3462867,6464742.5,9466618,4245293.045
0,14998708,121,3,37771,34365,19131.0051,19108.11607,5094.179028,3666.973401,104.675683,12214.91878,3,25394,9559.405991,6341.980833,-1,0.0,-1,0.0,-1,0.0,-1,0.0
1,12888039,0,2,305266,257323,2877.627688,4982.588988,18693.84143,23254.31034,546.630872,470340.6003,0,253044,1829.647785,13977.88808,-1,0.0,-1,0.0,-1,0.0,-1,0.0
1,9404108,5,18,7096258,7096606,203092.6739,177436.0,1051973.45,981399.0579,10.739987,3196.26274,5,7071113,94041.08,713539.6307,8195135,8195135.0,8195135,0.0,7071113,7071113.0,7071113,0.0
1,7165609,6,18,5935163,6000110,156908.3333,170609.7381,886101.172,925960.4049,12.420438,4069.577338,6,5935163,81427.375,634175.1005,5974440,5974440.0,5974440,0.0,5935163,5935163.0,5935163,0.0
1,209330,-1,209330,-1,209330,0.0,209330.0,0.0,0.0,14.331438,4867.911909,3696,205634,104665.0,142791.7292,-1,0.0,-1,0.0,-1,0.0,-1,0.0
1,10080754,10042470,10039413,10042470,10039413,10000000.0,10000000.0,0.0,0.0,0.396796,21.426969,38284,10001129,3360251.333,5751168.966,10042470,10000000.0,10042470,0.0,10001129,10000000.0,10001129,0.0
0,14999579,18,13,44745,122035,17421.11382,49538.1495,5854.766945,29840.90205,77.602178,11367.85239,5,39744,12897.31642,6983.406235,-1,0.0,-1,0.0,-1,0.0,-1,0.0
1,14985086,22,17,46466,50711,17661.71816,17321.37804,5768.474888,6337.180024,114.447124,15523.70137,17,21703,8742.757293,4788.532341,-1,0.0,-1,0.0,-1,0.0,-1,0.0
0,13950591,62,70,3083738,3083565,1071184.077,1071197.154,1230068.843,1229319.754,2.007083,611.730356,62,3058710,516688.5556,984173.9866,1919426,2604388.0,3083738,595638.3114,1720746,2468664.4,3058710,602686.3775
0,14986965,14980,5683,25307,24513,20005.44726,20002.72497,2803.723652,3205.715704,100.086976,11109.65429,16,23308,9997.975317,6823.166705,-1,0.0,-1,0.0,-1,0.0,-1,0.0
0,14999542,57,17,21451,140302,18049.99037,43666.65497,4623.359298,28292.54905,78.335725,11626.68834,17,21409,12776.44123,7307.731179,-1,0.0,-1,0.0,-1,0.0,-1,0.0
0,14991982,83,2,8873266,8873644,312329.1458,249858.1,1294735.919,1162488.545,7.337255,2401.68378,2,8872941,137541.1193,868135.8597,8980112,8980112.0,8980112,0.0,8872941,8872941.0,8872941,0.0
1,10078846,10040062,10039282,10040062,10039282,10000000.0,10000000.0,0.0,0.0,0.396871,21.431025,38784,10000498,3359615.333,5751173.106,10040062,10000000.0,10040062,0.0,10000498,10000000.0,10000498,0.0
0,55029,92,0,29907,24002,17690.33333,4000.75,15619.06873,8350.090081,236.239074,154682.0767,0,23861,4585.75,8979.387372,-1,0.0,-1,0.0,-1,0.0,-1,0.0
1,5010732,10,17,4240662,4302941,115012.7209,97745.31373,646133.9328,602268.1501,19.158877,10994.20205,1,4240662,52744.54737,435434.5454,4303088,4303088.0,4303088,0.0,4240662,4240662.0,4240662,0.0
0,0,-1,-1,-1,-1,0.0,0.0,0.0,0.0,0.0,0.0,-1,-1,0.0,0.0,-1,0.0,-1,0.0,-1,0.0,-1,0.0
0,57245,-1,-1,-1,-1,0.0,0.0,0.0,0.0,34.937549,2323.347017,57245,57245,57245.0,0.0,-1,0.0,-1,0.0,-1,0.0,-1,0.0
1,14,14,-1,14,-1,14.0,0.0,0.0,0.0,142857.1429,9642857.143,14,14,14.0,0.0,-1,0.0,-1,0.0,-1,0.0,-1,0.0
0,14990508,92,3,38332,43848,19113.21556,19217.16795,4947.389695,3587.541366,104.466106,12075.1745,3,37266,9578.599361,5019.955438,-1,0.0,-1,0.0,-1,0.0,-1,0.0
0,14983738,182,3,37168,24895,19160.79028,19207.16667,4822.965191,3312.159985,104.379828,12211.57231,2,21549,9586.524632,6114.07185,-1,0.0,-1,0.0,-1,0.0,-1,0.0
0,17638313,226,227,17162057,285473,1959812.556,64567.66667,5701561.628,110495.0991,0.963811,344.420694,13,17162057,1102394.563,4283158.216,17638313,17600000.0,17638313,0.0,17162057,17200000.0,17162057,0.0
0,13058528,209146,41402,5081203,5247408,2578271.4,2578571.2,1916497.868,2023442.4,0.91894,86.916381,33,5081203,1187138.909,1734504.953,1584113,3222839.25,5290349,1684035.69,1417941,3046144.0,5081203,1666438.684
0,14427275,960863,960811,962851,962958,961758.6667,961728.9333,588.051524,666.478053,2.218021,248.41836,564,962218,465395.9677,487861.4967,-1,0.0,-1,0.0,-1,0.0,-1,0.0
1,18,18,-1,18,-1,18.0,0.0,0.0,0.0,111111.1111,7500000.0,18,18,18.0,0.0,-1,0.0,-1,0.0,-1,0.0,-1,0.0
0,83793460,152,2,83418872,92456,9310384.444,35913.875,27800000.0,46194.86811,0.226748,74.468819,2,83418872,4655192.222,19700000.0,83793460,83800000.0,83793460,0.0,83418872,83400000.0,83418872,0.0
0,14421441,959184,958820,962526,962878,961384.9333,961331.0,809.120419,1028.406847,2.218918,248.518855,489,961533,465207.7742,487484.9565,-1,0.0,-1,0.0,-1,0.0,-1,0.0
1,9102431,4,12,5393806,5455490,205460.0455,159691.7719,838032.2128,746611.2461,11.315658,2092.957365,4,5393806,89239.51961,554664.3543,1576002,2916121.333,5429945,2178624.694,1070339,2562234.333,5393806,2453393.82
1,10647530,7,20,10335358,10271542,560396.3158,481056.9545,2367348.607,2186853.056,4.038495,1185.721008,7,10271542,253512.619,1583621.054,10608886,10600000.0,10608886,0.0,10271542,10300000.0,10271542,0.0
0,12745276,61,802,10023755,9997163,353442.4722,606908.6667,1659111.601,2153759.474,4.629166,405.169727,35,9996211,219746.1379,1307733.635,11569623,11600000.0,11569623,0.0,9996211,9996211.0,9996211,0.0
0,14995668,11823,1122,25902,118112,19994.0761,20155.46774,2786.464452,6270.163809,99.695459,11066.19592,32,24391,10037.26104,6989.595254,-1,0.0,-1,0.0,-1,0.0,-1,0.0
1,14438557,7674,2141,1826885,2001810,465759.9032,528290.7778,696630.5181,830056.023,4.15554,384.664479,19,1826885,244721.3051,552976.9854,2002342,2004254.286,2006820,1427.174039,1598042,1725052.143,1826885,116685.8966
1,56,56,-1,56,-1,56.0,0.0,0.0,0.0,35714.28571,1428571.429,56,56,56.0,0.0,-1,0.0,-1,0.0,-1,0.0,-1,0.0
0,101236,31,20519,72451,26565,33745.33333,23542.0,36467.09689,4275.167482,69.145363,35945.71101,31,28068,16872.66667,13035.99953,-1,0.0,-1,0.0,-1,0.0,-1,0.0
1,43,-1,-1,-1,-1,0.0,0.0,0.0,0.0,46511.62791,2139534.884,43,43,43.0,0.0,-1,0.0,-1,0.0,-1,0.0,-1,0.0
0,5164226,1,73,2091994,2091749,322080.625,430352.1667,594417.849,657376.0738,5.809196,1392.270594,1,2091656,178076.7586,464057.6819,2091749,2503872.0,2915995,582829.936,1242839,1667247.5,2091656,600204.2567
0,131022,25,269,50772,51336,19970.0,20727.4,24252.07527,21148.02208,83.955366,32719.69593,25,51142,13102.2,18013.04299,-1,0.0,-1,0.0,-1,0.0,-1,0.0
0,10364767,103822,44947,10090773,9965855,3454922.333,3378424.667,5746911.008,5705020.583,0.771846,79.307137,79,9965855,1480681.0,3741960.129,10305367,10300000.0,10305367,0.0,9965855,9965855.0,9965855,0.0
1,1609207,2,14,736558,483335,73145.77273,86941.3125,170936.2075,141812.5926,24.856964,16839.97149,2,483335,41261.71795,102860.9885,-1,0.0,-1,0.0,-1,0.0,-1,0.0
0,14993344,41,162,21141,22048,19632.65793,19719.81711,2245.349533,2381.532652,101.7118,13153.30323,41,17267,9838.152231,3357.092752,-1,0.0,-1,0.0,-1,0.0,-1,0.0
1,14955729,138,7,307941,498286,115039.9846,16954.63049,75190.35447,54732.99708,66.730281,79296.16804,7,218623,15000.73119,38825.45994,-1,0.0,-1,0.0,-1,0.0,-1,0.0
1,14999062,12,31,49996,42471,17666.98703,17314.76328,5649.600824,6048.148805,114.407154,15485.035,7,24164,8745.808746,6782.96867,-1,0.0,-1,0.0,-1,0.0,-1,0.0
1,14053975,29501,29477,1702573,1522946,585580.2083,520516.6296,621611.7224,515548.7125,3.771175,345.596175,14,1522946,270268.75,442255.2372,1515007,1936958.429,2009594,186075.3663,1036123,1320277.286,1522946,210480.5702
0,14984197,15689,1331,25089,71202,19997.31642,20194.33558,2709.200238,5949.447111,99.638306,11059.85192,44,24163,10043.02748,6763.932416,-1,0.0,-1,0.0,-1,0.0,-1,0.0
1,128,14,-1,114,-1,64.0,0.0,70.703607,0.0,23437.5,1460937.5,14,114,64.0,70.703607,-1,0.0,-1,0.0,-1,0.0,-1,0.0
1,14987580,30,15,32805,44419,18255.27406,17337.98495,5525.127695,7217.186815,112.559866,14940.03702,7,28937,8889.430605,6115.417757,-1,0.0,-1,0.0,-1,0.0,-1,0.0
1,14992762,3293,118,22687,24468,19910.70651,19942.20906,1648.695388,1677.42477,100.44847,11270.10487,118,18941,9961.968106,3504.400646,-1,0.0,-1,0.0,-1,0.0,-1,0.0
1,184606,7,36,37113,66718,9837.75,13196.58333,14366.94112,20305.17587,140.840493,32160.38482,7,66553,7384.24,15631.91754,-1,0.0,-1,0.0,-1,0.0,-1,0.0
0,14996866,15679,56,24516,66844,20000.71028,20047.56685,2768.914075,5433.158495,99.954217,11094.9181,21,24303,10011.25901,6897.10327,-1,0.0,-1,0.0,-1,0.0,-1,0.0
1,206631,206631,-1,206631,-1,206631.0,0.0,0.0,0.0,14.518635,13652.35613,1615,205016,103315.5,143826.2264,-1,0.0,-1,0.0,-1,0.0,-1,0.0
0,0,-1,-1,-1,-1,0.0,0.0,0.0,0.0,0.0,0.0,-1,-1,0.0,0.0,-1,0.0,-1,0.0,-1,0.0,-1,0.0
1,14996780,864,6957,26073,24762,19902.3506,19894.09163,1936.810048,1729.06437,100.554919,10650.81971,186,19918,9951.413404,3596.159518,-1,0.0,-1,0.0,-1,0.0,-1,0.0
0,3194478,10,13,3104797,67013,290407.0909,13909.44444,933502.0041,23277.16814,6.886884,1871.667296,5,3039733,152118.0,661826.5439,3190709,3190709.0,3190709,0.0,3039733,3039733.0,3039733,0.0
1,2880682,29,1699,577646,428755,167188.5294,261874.5455,127808.9399,152687.5538,10.414201,857.435843,29,428755,99333.86207,102489.6907,-1,0.0,-1,0.0,-1,0.0,-1,0.0
1,14995452,30,17,29807,41274,18313.04768,17338.68519,4998.437093,5866.325169,112.300716,15308.24146,7,21672,8909.953654,6711.785182,-1,0.0,-1,0.0,-1,0.0,-1,0.0
1,10076941,10038628,10038564,10038628,10038564,10000000.0,10000000.0,0.0,0.0,0.396946,21.435076,38313,10000251,3358980.333,5751509.111,10038628,10000000.0,10038628,0.0,10000251,10000000.0,10000251,0.0
1,10078502,10039747,10038860,10039747,10038860,10000000.0,10000000.0,0.0,0.0,0.396884,21.431756,38755,10000105,3359500.667,5750932.066,10039747,10000000.0,10039747,0.0,10000105,10000000.0,10000105,0.0
0,1993801,155,1,1393128,1449003,181254.6364,242661.875,411161.0123,493814.877,10.532646,3934.695589,1,1393128,99690.05,310000.1355,1937935,1937935.0,1937935,0.0,1393128,1393128.0,1393128,0.0
0,14999662,30,26,25465,34151,19105.86607,19083.53944,3958.332548,3938.991303,104.802362,12306.2773,20,23197,9547.843412,4547.284718,-1,0.0,-1,0.0,-1,0.0,-1,0.0
1,161622,-1,-1,-1,-1,0.0,0.0,0.0,0.0,12.374553,606.353095,161622,161622,161622.0,0.0,-1,0.0,-1,0.0,-1,0.0,-1,0.0
1,10118224,20,15,9928200,9928413,917541.8182,720911.0,2988678.496,2650183.01,2.668452,783.734379,15,9902862,389162.4615,1940494.95,10006428,10000000.0,10006428,0.0,9902862,9902862.0,9902862,0.0
1,585010,2,41,247237,247146,18811.0,26965.14286,60390.1161,70956.23794,58.118665,28440.53948,2,246412,17727.57576,55958.59327,-1,0.0,-1,0.0,-1,0.0,-1,0.0
1,12333946,4,17,11382008,11382263,231015.0189,224253.5636,1561727.992,1532793.917,8.918476,2882.532484,4,11356818,113155.4679,1087173.062,11472907,11500000.0,11472907,0.0,11356818,11400000.0,11356818,0.0
1,14999980,891,6427,27169,22884,19916.85771,19946.78192,1889.647436,1304.719747,100.400134,12552.95007,2,21921,9966.76412,6223.145662,-1,0.0,-1,0.0,-1,0.0,-1,0.0
1,14998727,38,16,23216,40858,17708.06021,17414.35698,5278.295896,7061.719459,113.943003,15252.62777,4,22069,8781.456089,5105.87667,-1,0.0,-1,0.0,-1,0.0,-1,0.0
0,814,778,-1,778,-1,778.0,0.0,0.0,0.0,3685.503686,185503.6855,36,778,407.0,524.672279,-1,0.0,-1,0.0,-1,0.0,-1,0.0
1,14997612,34,30,30143,632922,18676.97634,152886.3505,4424.345099,138620.3233,60.142908,8043.213813,30,30143,16645.51831,6131.919287,-1,0.0,-1,0.0,-1,0.0,-1,0.0
0,37238,129,-1,37109,-1,18619.0,0.0,26148.80875,0.0,80.562866,4054.997583,129,37109,18619.0,26148.80875,-1,0.0,-1,0.0,-1,0.0,-1,0.0
1,128709,62,37,62535,65802,15769.0,17131.0,31177.75641,27872.41939,93.233573,16673.27071,37,65633,11700.81818,21876.13581,-1,0.0,-1,0.0,-1,0.0,-1,0.0
1,884667,67,28,216302,245541,71016.11111,96127.57143,105198.6063,120073.9143,20.346639,2402.03376,10,245522,52039.23529,96194.44322,-1,0.0,-1,0.0,-1,0.0,-1,0.0
1,11153607,10,24,5928272,5928479,383735.7241,300758.9459,1231541.06,1097658.294,6.096682,1666.904706,10,5902890,166471.7463,819536.7757,5020866,5524250.0,6027634,711892.4799,3200248,4551569.0,5902890,1911056.485
1,14802035,129,23764,1046690,1053290,361025.2439,468502.5161,357279.0769,310287.3219,4.999313,307.525283,22,917381,202767.6027,225179.8945,-1,0.0,-1,0.0,-1,0.0,-1,0.0
0,14428517,960496,960398,963671,964022,961818.7333,961825.0667,928.43424,1125.859669,2.21783,248.396977,528,963143,465436.0323,487811.4685,-1,0.0,-1,0.0,-1,0.0,-1,0.0
1,9773474,143018,142242,3569793,3753711,1221679.625,1221674.875,1367472.763,1422422.536,1.84172,159.411075,29,3569793,574910.2353,1056083.577,4187875,4379133.0,4570391,270479.6575,2980261,3275027.0,3569793,416862.0749
1,14446199,959483,959367,961854,961814,960442.5333,960500.3333,690.790786,737.343414,2.215116,310.116177,38564,923247,466006.4194,448411.6849,-1,0.0,-1,0.0,-1,0.0,-1,0.0
0,14930510,-1,14893930,-1,14893930,0.0,14900000.0,0.0,0.0,0.200931,10.448404,36580,14893930,7465255.0,10500000.0,14930510,14900000.0,14930510,0.0,14893930,14900000.0,14893930,0.0
1,14442706,959470,956557,961266,963596,960277.6667,960277.8667,514.303991,1574.107247,2.215651,310.191179,38402,922710,465893.7419,448238.7856,-1,0.0,-1,0.0,-1,0.0,-1,0.0
0,14272700,16,6,4048713,4123112,278395.1961,165961.6279,839293.0016,662059.2049,9.738872,1625.620941,6,4048713,103425.3623,521201.363,2887939,3525040.5,4098054,502561.4936,2332716,3007252.75,4048713,752517.643
0,63160832,36379,73,279397,62143969,117023.1111,7008142.111,76001.15493,20700000.0,0.316652,123.905904,34,62107624,3324254.316,14200000.0,63160832,63200000.0,63160832,0.0,62107624,62100000.0,62107624,0.0
1,275834,275834,-1,275834,-1,275834.0,0.0,0.0,0.0,10.876107,3694.25089,1012,274822,137917.0,193612.9078,-1,0.0,-1,0.0,-1,0.0,-1,0.0
0,20032228,139,146,20000455,52717,4006445.6,22259.66667,8940926.341,27260.59592,0.499196,61.550817,4,19948348,2225803.111,6645976.133,20032228,20000000.0,20032228,0.0,19948348,19900000.0,19948348,0.0
1,14992689,154,1331,28898,23077,19876.46287,19867.66976,1940.808582,1663.499741,100.715756,11162.57397,154,18520,9935.512922,3592.165468,-1,0.0,-1,0.0,-1,0.0,-1,0.0
0,14981230,159,3,38593,24619,19131.79694,19128.72414,4712.034298,3406.60774,104.664303,12190.38757,1,23064,9560.453095,6297.744601,-1,0.0,-1,0.0,-1,0.0,-1,0.0
0,14999574,81,4,36375,35679,18331.9131,17103.27708,5333.982492,5932.202689,113.069878,15493.17334,4,22093,8849.306195,5229.957864,-1,0.0,-1,0.0,-1,0.0,-1,0.0
0,14994023,10577,5609,28315,25447,19996.70761,19992.03067,2790.501731,3280.665961,100.106556,11111.82769,49,21201,9996.015333,4073.731044,-1,0.0,-1,0.0,-1,0.0,-1,0.0
0,0,-1,-1,-1,-1,0.0,0.0,0.0,0.0,0.0,0.0,-1,-1,0.0,0.0,-1,0.0,-1,0.0,-1,0.0,-1,0.0
0,14999632,74,5879,163921,25315,19998.95461,20001.70628,7976.190656,3353.561985,100.002453,11100.27233,74,24018,10006.42562,5957.757907,-1,0.0,-1,0.0,-1,0.0,-1,0.0
0,57418,-1,-1,-1,-1,0.0,0.0,0.0,0.0,34.832283,1497.78815,57418,57418,57418.0,0.0,-1,0.0,-1,0.0,-1,0.0,-1,0.0
0,14427954,960085,960615,964055,964335,961800.8,961818.1333,1009.287917,1097.66215,2.217917,248.406669,454,963393,465417.871,487724.4915,-1,0.0,-1,0.0,-1,0.0,-1,0.0
0,14963826,35,2945,90870,483276,30169.00403,330913.2889,12339.25301,172133.3674,36.287511,7996.350666,35,90870,27608.53506,14070.55454,-1,0.0,-1,0.0,-1,0.0,-1,0.0
1,14848916,39,50,1330908,971624,132579.6071,156253.266,204615.4892,166178.6349,14.007757,1639.917688,15,971624,71733.89372,122185.0165,-1,0.0,-1,0.0,-1,0.0,-1,0.0
0,14998969,145,3,39121,42382,19134.81098,19106.57452,4777.550809,3866.691493,104.673861,12137.03422,2,35790,9559.572339,6305.570308,-1,0.0,-1,0.0,-1,0.0,-1,0.0
0,17638063,122,131,17437944,58676,1959784.778,19224.66667,5804400.711,27381.43688,0.963825,344.425576,16,17437944,1102378.938,4356198.245,17638063,17600000.0,17638063,0.0,17437944,17400000.0,17437944,0.0
0,2765,33,37,1506,1638,547.6,492.2,573.972168,661.770693,4339.963834,963471.9711,24,1343,251.363636,379.32803,-1,0.0,-1,0.0,-1,0.0,-1,0.0
1,14448583,169,25,3173472,2951256,373161.3947,280336.9804,670309.2599,542288.2887,6.298195,302.313383,12,2800430,160539.8111,393406.7691,2079534,3107557.25,4077008,829313.8868,1067496,1733650.25,2800430,754181.0308
0,54832,-1,-1,-1,-1,0.0,0.0,0.0,0.0,36.475051,2808.578932,54832,54832,54832.0,0.0,-1,0.0,-1,0.0,-1,0.0,-1,0.0
0,14747504,14,2,3205698,582693,469112.9677,1129.557598,828295.9228,18125.47516,887.54002,38182.0544,2,582693,1126.795844,18101.50392,-1,0.0,-1,0.0,-1,0.0,-1,0.0
1,263647,60,811,263587,129657,131823.5,65234.0,186341.7287,91107.88032,22.757703,9577.199816,21,133098,52729.4,71806.56114,-1,0.0,-1,0.0,-1,0.0,-1,0.0
1,14789625,21,4645,10026153,9989907,359820.8537,643024.3913,1549362.745,2043086.385,4.462588,425.29814,21,9989798,227532.6923,1232327.364,12383419,12400000.0,12383419,0.0,9989798,9989798.0,9989798,0.0
1,14397677,36,74,2768619,2768611,654438.6364,757769.7895,941449.1725,986241.414,2.986593,150.440936,10,2768594,342801.8333,750518.7296,1958663,2843827.6,4017774,855042.4594,1636822,2257202.0,2768594,478350.146
1,636,636,-1,636,-1,636.0,0.0,0.0,0.0,3144.654088,125786.1635,636,636,636.0,0.0,-1,0.0,-1,0.0,-1,0.0,-1,0.0
0,14422467,960295,960126,962477,962844,961456.6667,961423.2667,596.17533,687.453787,2.21876,248.501175,561,961768,465240.871,487642.8246,-1,0.0,-1,0.0,-1,0.0,-1,0.0
1,14910516,0,251,1402747,1402096,160328.129,266757.6364,263556.5675,277914.0722,10.060014,2406.556554,0,1266498,100070.5772,178318.0852,8952600,8952600.0,8952600,0.0,1266498,1266498.0,1266498,0.0
1,14807695,20131,225,1046957,910678,548431.8519,339082.5581,349833.8391,312546.3289,4.862337,370.010322,27,910678,208559.0845,267448.009,-1,0.0,-1,0.0,-1,0.0,-1,0.0
1,257794,251,460,257543,124521,128897.0,62490.5,181932.9179,87724.37438,23.274397,9922.651419,49,132513,51558.8,70309.85408,-1,0.0,-1,0.0,-1,0.0,-1,0.0
1,14999565,213,5971,33772,29279,19922.11702,19892.94562,2021.870552,1602.030259,100.536249,12190.6202,9,21660,9953.261447,7135.688464,-1,0.0,-1,0.0,-1,0.0,-1,0.0
0,14996690,13,5,156037,54627,43311.16812,17885.41527,23552.95013,7531.907128,79.017437,13040.14419,5,49324,12666.12331,7827.984976,-1,0.0,-1,0.0,-1,0.0,-1,0.0
0,14999446,284,1,41210,43272,18426.83784,16943.63914,5133.135681,6344.986982,113.337519,15514.77301,1,29857,8828.396704,5160.010376,-1,0.0,-1,0.0,-1,0.0,-1,0.0
1,6618862,42,16,3439513,4640862,116555.6545,276314.5217,471408.9497,963398.2884,12.08667,3228.198443,16,3175885,83783.06329,367950.3682,3439513,3439513.0,3439513,0.0,3175885,3175885.0,3175885,0.0
1,14983921,840,6474,27248,22905,19917.13697,19947.65779,1902.576982,1307.473775,100.440999,12558.99574,16,20914,9962.713431,5517.864731,-1,0.0,-1,0.0,-1,0.0,-1,0.0
1,275780,275780,-1,275780,-1,275780.0,0.0,0.0,0.0,10.878236,3694.974255,3766,272014,137890.0,189679.9798,-1,0.0,-1,0.0,-1,0.0,-1,0.0
1,10078605,10039660,10039586,10039660,10039586,10000000.0,10000000.0,0.0,0.0,0.39688,21.431537,38945,10000641,3359535.0,5751366.505,10039660,10000000.0,10039660,0.0,10000641,10000000.0,10000641,0.0
0,14999540,139,2,36548,24797,19204.15641,19107.69427,4667.619499,3686.843409,104.46987,12128.03859,2,21798,9578.250319,5414.063511,-1,0.0,-1,0.0,-1,0.0,-1,0.0
0,1301699,117,0,1001494,1224294,118159.0,49140.80769,300317.568,239769.9593,29.960843,26349.4095,0,1001494,34255.23684,164421.0925,1251189,1251189.0,1251189,0.0,1001494,1001494.0,1001494,0.0
0,14998980,1311,1,25217,814674,19236.61361,19229.46154,4379.886834,28843.56177,104.073744,11228.16352,1,24113,9614.730769,4217.604124,-1,0.0,-1,0.0,-1,0.0,-1,0.0
1,286916,-1,-1,-1,-1,0.0,0.0,0.0,0.0,6.970681,348.534066,286916,286916,286916.0,0.0,-1,0.0,-1,0.0,-1,0.0,-1,0.0
1,4153731,35,-1,3897793,-1,1038432.75,0.0,1909823.628,0.0,1.444484,113.151285,35,3897793,830746.2,1717913.767,4148455,4148455.0,4148455,0.0,3897793,3897793.0,3897793,0.0
0,9082607,43,2,1924390,1924957,181644.46,144161.4603,429176.3707,388775.7355,12.661563,3657.099773,2,1924112,79671.99123,296078.9877,2985292,4497770.0,6010248,2138966.9,1877020,1900566.0,1924112,33299.07253
1,5447495,5,18,3303142,3230579,73468.0137,73614.7973,395938.685,382626.9926,27.352021,8948.149562,5,3230579,36807.39865,271868.4907,5280060,5280060.0,5280060,0.0,3230579,3230579.0,3230579,0.0
0,177236,125,124,46165,48019,19692.88889,16969.0,22829.70897,22728.79985,107.201697,42745.2662,4,45976,9846.444444,18067.65282,-1,0.0,-1,0.0,-1,0.0,-1,0.0
1,14993539,152,7,272001,351381,105588.3028,16365.86379,77362.9937,52261.18158,69.830078,82493.93289,7,219282,14334.1673,38777.19477,-1,0.0,-1,0.0,-1,0.0,-1,0.0
0,13250988,63,1,4884129,4934684,348710.2105,550027.7083,1057147.489,1314320.435,4.829829,2725.004354,1,4884129,210333.1429,832785.8587,1437630,3153392.75,5004092,1707772.802,1326458,3042786.5,4884129,1691066.515
1,9913386,274,-1,5843283,-1,1982677.2,0.0,2385676.481,0.0,0.706116,42.064336,274,5529509,1652231.0,2124693.743,2032824,3304462.0,5843283,2198684.61,2032824,3199381.0,5529509,2017950.594
1,14860654,56,739,1468847,1163833,232197.25,274436.4314,262628.5141,243098.7239,7.873139,1142.547293,19,1163833,128109.0862,176708.041,6061790,6061790.0,6061790,0.0,1163833,1163833.0,1163833,0.0
0,14994697,2,19,58179,58215,1601.721184,16437.73246,5190.190922,12116.9023,685.242256,41420.77696,2,58179,1459.479949,4750.617013,-1,0.0,-1,0.0,-1,0.0,-1,0.0
1,123444,-1,38,-1,174,0.0,106.0,0.0,96.161323,32.403357,2543.663524,38,123232,41148.0,71086.86176,-1,0.0,-1,0.0,-1,0.0,-1,0.0
0,14997719,76,3,37321,23703,19165.95013,19133.42273,4840.607865,3520.780329,104.482555,12184.05279,3,21522,9577.087484,4994.240157,-1,0.0,-1,0.0,-1,0.0,-1,0.0
1,14999630,5189,1774,37974,23164,19919.82736,19919.5758,2123.751255,1437.31707,100.469145,12072.69779,2,21833,9959.913679,5873.041925,-1,0.0,-1,0.0,-1,0.0,-1,0.0
0,13102355,46,1,6823020,6771524,524079.96,422616.6452,1459464.113,1316161.565,4.426685,1502.47799,1,6771524,229865.8772,984470.6821,1978931,3245629.5,6877503,2422188.618,1869754,3152487.5,6771524,2414520.694
0,10338018,2687,2,283195,10000164,112657.3333,2571501.0,149741.3968,4954217.756,0.870573,339.716955,2,10000046,1292252.25,3519827.655,10338018,10300000.0,10338018,0.0,10000046,10000000.0,10000046,0.0
0,14427114,960910,960184,962880,963506,961770.7333,961712.9333,554.861626,1012.403997,2.218046,248.421133,530,962283,465390.7742,487750.3548,-1,0.0,-1,0.0,-1,0.0,-1,0.0
1,14995466,202667,38,4606429,5019537,1052876.714,1128044.692,1283490.284,1489864.482,1.933918,566.504569,0,4606429,535552.3571,1012575.402,1780167,3999508.0,6138495,2180274.825,1342812,3055297.333,4606429,1637780.582
1,14877941,19,26,835985,693814,151681.7755,167167.4719,156190.1713,166522.3152,12.703371,3259.187545,8,693814,79137.98404,104118.5189,-1,0.0,-1,0.0,-1,0.0,-1,0.0
1,14999708,874,21,27147,24539,19896.29217,19893.51194,1906.660736,1794.598504,100.601958,9250.446742,1,21677,9946.755968,7154.409207,-1,0.0,-1,0.0,-1,0.0,-1,0.0
1,14903738,21,25,504394,540545,71175.96154,90305.46626,111065.0352,139800.1832,25.027278,11727.1922,8,395487,40063.81183,74121.72297,-1,0.0,-1,0.0,-1,0.0,-1,0.0
0,14984490,15358,5676,25214,24541,20004.79306,20002.86649,2711.217924,3170.718547,100.103507,11111.48928,29,22863,9996.324216,7091.642637,-1,0.0,-1,0.0,-1,0.0,-1,0.0
1,14990722,94,17,31619,41220,18330.65116,17441.09197,4752.646073,6143.511244,111.935903,15286.45518,1,19830,8939.01133,3867.889722,-1,0.0,-1,0.0,-1,0.0,-1,0.0
0,14425991,960259,959959,962897,964054,961687.0,961693.9333,826.005664,1099.985322,2.218218,248.440471,505,962364,465354.5484,487716.4264,-1,0.0,-1,0.0,-1,0.0,-1,0.0
1,12043828,8,28,7292089,7228450,315236.7105,293751.9024,1326630.413,1274124.39,6.725436,1979.104982,8,7228450,150547.85,914980.8596,3990522,5671595.0,7352668,2377396.236,3952237,5590343.5,7228450,2316632.429
0,14999335,49,11908,86425,482823,30010.26253,332631.0,12566.34185,157493.0003,36.334944,7097.181308,49,86425,27572.30699,13934.01276,-1,0.0,-1,0.0,-1,0.0,-1,0.0
1,10397334,402669,300436,9643858,10046296,5023263.5,5173366.0,6534507.408,6891363.694,0.577071,25.968195,50602,9643858,2079466.8,4230887.612,9994665,9994665.0,9994665,0.0,9643858,9643858.0,9643858,0.0
1,14305713,26230,26461,1928400,1755020,504683.25,550219.7308,738844.0727,678976.3405,3.91452,352.2369,23,1755020,260103.8727,535207.9713,2004916,2007414.429,2010084,1915.339427,1538070,1636287.286,1755020,107553.0001
1,334008,811,334008,811,334008,811.0,334008.0,0.0,0.0,11.975761,4197.504251,35,333162,111336.0,192107.343,-1,0.0,-1,0.0,-1,0.0,-1,0.0
1,275366,275366,-1,275366,-1,275366.0,0.0,0.0,0.0,10.894591,3700.529477,3684,271682,137683.0,189503.2031,-1,0.0,-1,0.0,-1,0.0,-1,0.0
0,14985647,5689,15649,24856,24516,20005.98665,20002.37784,3039.189388,2743.027492,100.095778,11110.63139,17,23261,9997.096064,7211.565886,-1,0.0,-1,0.0,-1,0.0,-1,0.0
1,14442811,959392,951267,960925,967366,960247.9333,960247.2667,439.887643,4257.040689,2.215635,310.188924,39092,921644,465897.129,446366.1706,-1,0.0,-1,0.0,-1,0.0,-1,0.0
0,14980538,131,2,35884,36919,19073.06115,19083.4879,4371.854147,3764.853219,104.936151,12180.53717,2,30811,9535.670274,5509.961895,-1,0.0,-1,0.0,-1,0.0,-1,0.0
0,3806351,76,80945,68852,484661,30209.13492,330937.7,14300.4546,145345.7913,36.255196,7912.039641,76,68852,27783.58394,15367.49743,-1,0.0,-1,0.0,-1,0.0,-1,0.0
1,24,-1,-1,-1,-1,0.0,0.0,0.0,0.0,83333.33333,3833333.333,24,24,24.0,0.0,-1,0.0,-1,0.0,-1,0.0,-1,0.0
0,14987260,186,1,39741,30496,18340.21297,17044.31627,5468.435939,5803.545063,113.296226,15514.10998,1,22132,8831.620507,5052.810712,-1,0.0,-1,0.0,-1,0.0,-1,0.0
0,14423938,959039,958818,963281,963875,961507.5333,961555.5333,1152.850713,1341.222436,2.218534,248.475832,492,962550,465288.3226,487673.6928,-1,0.0,-1,0.0,-1,0.0,-1,0.0
0,23905,55,20,23678,188,5976.25,61.571429,11801.17581,58.133058,543.819285,402509.9352,15,23459,1992.083333,6760.490918,-1,0.0,-1,0.0,-1,0.0,-1,0.0
0,215423,5,2,100937,74982,10680.71429,11861.25,28714.4569,24418.89886,148.544956,74602.06199,2,74982,6949.129032,18411.2089,-1,0.0,-1,0.0,-1,0.0,-1,0.0
1,12516,30,-1,12486,-1,6258.0,0.0,8807.72201,0.0,239.693193,14940.87568,30,12486,6258.0,8807.72201,-1,0.0,-1,0.0,-1,0.0,-1,0.0
0,14988179,2,40,41289,148278,17489.12369,44417.46588,6254.508108,24614.9152,79.796218,13143.42456,2,41289,12542.40921,8105.515167,-1,0.0,-1,0.0,-1,0.0,-1,0.0
1,14994339,5645,4362,25819,23055,19924.6516,19947.75766,1790.523679,1332.309283,100.371213,11900.8914,216,17920,9969.640293,3512.194875,-1,0.0,-1,0.0,-1,0.0,-1,0.0
0,14972441,2,10,999893,880520,6384.823028,10514.33357,28714.16199,35874.35795,251.862739,275894.1578,2,863659,3971.469761,20675.92009,-1,0.0,-1,0.0,-1,0.0,-1,0.0
1,13825056,11,46,13588174,13547844,809431.9412,726276.1053,3293047.915,3104956.177,2.748633,570.05194,11,13522548,373650.1622,2221774.963,13704196,13700000.0,13704196,0.0,13522548,13500000.0,13522548,0.0
1,12471975,20,1718,10025211,9984456,592009.7619,1035930.333,2163037.166,2822825.482,2.806292,265.234656,20,9984400,366822.7941,1701455.668,10025211,10000000.0,10025211,0.0,9984400,9984400.0,9984400,0.0
1,14445849,959679,958525,961561,963296,960316.8,960495.8,471.99375,1022.977845,2.215169,310.12369,38412,922784,465995.129,448278.6126,-1,0.0,-1,0.0,-1,0.0,-1,0.0
0,14970892,387,19899,7009057,7069556,1654775.333,1663432.444,2469909.418,2484871.955,1.335926,170.397328,92,7009057,787941.6842,1846043.446,2400236,4661167.0,7126840,2369944.263,1812646,4419172.333,7009057,2598245.471
1,4586875,12,13,804928,804899,31416.90411,24629.84181,96065.52048,86360.6504,70.85434,52712.57665,4,804883,14157.02161,65582.2882,-1,0.0,-1,0.0,-1,0.0,-1,0.0
0,14997677,15699,71,25157,75702,19995.736,20004.57543,2788.638619,5783.217451,100.082166,11109.12043,3,23853,9998.451333,7237.017456,-1,0.0,-1,0.0,-1,0.0,-1,0.0
1,2461287,34,52,449662,358355,161440.4667,189324.8462,111115.0002,162627.1525,12.188745,917.81251,9,267954,84871.96552,83019.85497,-1,0.0,-1,0.0,-1,0.0,-1,0.0
1,200323,200323,-1,200323,-1,200323.0,0.0,0.0,0.0,14.975814,873.589154,37359,162964,100161.5,88816.14725,-1,0.0,-1,0.0,-1,0.0,-1,0.0
0,13225780,149,154,2999622,9995179,293693.1818,1271297.625,897872.1811,3525090.458,1.587808,491.691227,24,9995155,661289.0,2296076.684,2999622,6612890.0,10226158,5109932.61,2999622,6497388.5,9995155,4946588.822
0,14889713,7,12,549405,549206,784.205667,395.828685,10373.876,8151.686883,3801.550775,3750717.425,4,549192,263.055191,5980.89063,-1,0.0,-1,0.0,-1,0.0,-1,0.0
1,264630,167,56,264463,129948,132315.0,65002.0,186885.4938,91847.51402,22.673166,9670.10543,45,134414,52926.0,72366.82902,-1,0.0,-1,0.0,-1,0.0,-1,0.0
1,334762,48,23,332550,119793,41845.25,15464.125,117463.1169,42157.91305,53.769544,40590.03113,23,210611,19691.88235,57073.86295,-1,0.0,-1,0.0,-1,0.0,-1,0.0
0,12861470,4,6,3774830,3731554,13609.47983,15608.5801,194947.9592,205822.9537,137.464847,338477.0948,1,3731554,7278.704018,140721.9419,3796547,4161789.667,4683402,463644.8557,3005331,3400535.333,3731554,367341.5458
1,125247,17,15,58276,64815,10088.0,12469.875,23621.77238,23979.77323,127.747571,34962.91328,15,64719,8349.8,18621.57412,-1,0.0,-1,0.0,-1,0.0,-1,0.0
0,14997765,15686,53,26074,68286,19997.02,20024.57086,2816.681671,4999.916107,100.014902,11101.65415,26,24334,10005.18012,7210.556467,-1,0.0,-1,0.0,-1,0.0,-1,0.0
1,14443849,959602,942775,961031,977727,960207.4667,960328.7333,397.5064,6650.482163,2.215476,310.166632,38703,921827,465930.6129,446977.2055,-1,0.0,-1,0.0,-1,0.0,-1,0.0
1,5764419,107,134374,2658091,2324564,804485.2857,804094.7143,1146375.022,1006393.997,2.775648,312.607394,107,2324564,384294.6,724122.1995,2698283,2815022.5,2931762,165094.5842,1944229,2134396.5,2324564,268937.4576
1,624477,1,8,408340,215094,41631.8,25532.5625,115679.1517,69597.99873,52.84422,36906.08301,1,215818,19514.90625,61560.24923,-1,0.0,-1,0.0,-1,0.0,-1,0.0
0,107868,47,15861,72030,33603,35956.0,24732.0,35991.78365,12545.48847,64.89413,33605.88868,47,33681,17978.0,14500.08366,-1,0.0,-1,0.0,-1,0.0,-1,0.0
1,9923781,303,13722,4952027,4944652,1653963.5,1925884.2,2248392.579,2396530.284,1.309985,403.777552,26,4602705,826981.75,1657787.098,4578047,4765212.5,4952378,264691.9885,4111225,4356965.0,4602705,347528.8408
1,288932,-1,-1,-1,-1,0.0,0.0,0.0,0.0,6.922044,346.102197,288932,288932,288932.0,0.0,-1,0.0,-1,0.0,-1,0.0,-1,0.0
1,3229519,471,26,857232,714558,192854.625,180596.9412,251743.751,180596.1582,10.837527,1386.584194,26,714558,94985.85294,147527.5665,-1,0.0,-1,0.0,-1,0.0,-1,0.0
0,14991914,2,8,950046,950068,21056.05899,21038.0211,128624.0933,127467.0093,95.051239,28381.43282,-1,949597,10528.02949,90313.42574,-1,0.0,-1,0.0,-1,0.0,-1,0.0
0,3600591,25943,0,3359160,159016,600098.5,30780.28571,1352287.242,60030.89133,4.165983,1494.754611,0,3359160,257185.0714,893478.9944,3600591,3600591.0,3600591,0.0,3359160,3359160.0,3359160,0.0
1,452486,22,19,213127,26251,1817.212851,968.540323,13611.71088,2121.599256,1102.796551,772728.88,6,212233,908.606426,9617.232658,-1,0.0,-1,0.0,-1,0.0,-1,0.0
0,14428375,959231,959067,967715,967755,961822.5333,961847.8667,1948.909929,2040.241805,2.217852,248.399421,577,967017,465431.4516,487788.2567,-1,0.0,-1,0.0,-1,0.0,-1,0.0
1,264527,-1,-1,-1,-1,0.0,0.0,0.0,0.0,7.560665,393.154574,264527,264527,264527.0,0.0,-1,0.0,-1,0.0,-1,0.0,-1,0.0
0,5769138,752243,526734,4850145,5076547,2801194.0,2801640.5,2897654.293,3217203.625,1.040017,107.641731,59652,4850145,1153827.6,2073863.366,5602388,5602388.0,5602388,0.0,4850145,4850145.0,4850145,0.0
0,55062,-1,-1,-1,-1,0.0,0.0,0.0,0.0,36.322691,2796.84719,55062,55062,55062.0,0.0,-1,0.0,-1,0.0,-1,0.0,-1,0.0
1,14998266,39,17,31409,41388,18177.75485,17319.01386,5215.019219,5965.648709,112.813041,15423.58297,2,23402,8869.465405,6165.749502,-1,0.0,-1,0.0,-1,0.0,-1,0.0
0,14999531,76,29,30246,151100,18359.27907,44321.81065,4251.808926,30459.25925,77.135745,11670.5649,10,26119,12975.37284,6692.238667,-1,0.0,-1,0.0,-1,0.0,-1,0.0
1,10822851,33,34,10000368,10130547,297018.9167,254586.9286,1664005.644,1561491.569,7.391768,4876.071933,9,10000368,136998.1139,1124441.834,10692681,10700000.0,10692681,0.0,10000368,10000000.0,10000368,0.0
1,207872,-1,207872,-1,207872,0.0,207872.0,0.0,0.0,14.431958,4902.055111,1871,206001,103936.0,144341.7072,-1,0.0,-1,0.0,-1,0.0,-1,0.0
0,233962,337,403,190426,150842,77987.33333,64078.66667,99705.20589,77831.571,34.193587,19520.26397,88,150842,33423.14286,55032.54339,-1,0.0,-1,0.0,-1,0.0,-1,0.0
1,275873,-1,-1,-1,-1,0.0,0.0,0.0,0.0,7.249713,362.485637,275873,275873,275873.0,0.0,-1,0.0,-1,0.0,-1,0.0,-1,0.0
0,14987804,15653,5680,25066,24726,20000.90521,20001.82911,2769.498535,3162.964462,100.081373,11109.03238,6,23604,9998.535023,6184.114645,-1,0.0,-1,0.0,-1,0.0,-1,0.0
0,14999902,5701,15581,24903,24388,19994.60667,20003.251,3177.570375,2682.529246,100.06732,11107.47257,16,22850,9999.934667,7197.768476,-1,0.0,-1,0.0,-1,0.0,-1,0.0
1,10077390,10038857,10038472,10038857,10038472,10000000.0,10000000.0,0.0,0.0,0.396928,21.434121,38533,9999939,3359130.0,5751109.299,10038857,10000000.0,10038857,0.0,9999939,9999939.0,9999939,0.0
1,6095830,8524,-1,5618809,-1,1980741.333,0.0,3154380.675,0.0,0.820233,156.992567,8524,5618809,1523957.5,2732767.372,5942224,5942224.0,5942224,0.0,5618809,5618809.0,5618809,0.0
1,14815687,3020,1884,5397848,5198535,1058263.357,1124179.538,1781730.403,1790380.301,1.957385,282.673358,22,5198535,529131.6786,1278487.714,3167745,4938544.333,6351452,1621746.712,2402840,3965116.0,5198535,1426565.045
0,13793718,158,142,7485928,7857899,1149445.667,1149365.167,2047864.136,2166315.05,1.884916,144.631056,142,7485622,551748.72,1503934.115,1402340,3447008.5,8285516,3240092.194,1030063,2753854.75,7485622,3156212.809
1,286185,-1,-1,-1,-1,0.0,0.0,0.0,0.0,6.988486,352.918567,286185,286185,286185.0,0.0,-1,0.0,-1,0.0,-1,0.0,-1,0.0
0,0,-1,-1,-1,-1,0.0,0.0,0.0,0.0,0.0,0.0,-1,-1,0.0,0.0,-1,0.0,-1,0.0,-1,0.0,-1,0.0
1,20,-1,-1,-1,-1,0.0,0.0,0.0,0.0,100000.0,4600000.0,20,20,20.0,0.0,-1,0.0,-1,0.0,-1,0.0,-1,0.0
0,14994820,14267,5797,24872,24585,20003.61282,19993.09333,2744.550671,3116.026453,100.101235,11111.23708,51,22549,9996.546667,5093.155638,-1,0.0,-1,0.0,-1,0.0,-1,0.0
0,10382645,5,216,161445,10003039,54232.14286,1724502.667,69626.02051,4056329.468,1.444719,601.677126,5,10003020,741617.5,2666055.09,10382645,10400000.0,10382645,0.0,10003020,10000000.0,10003020,0.0
0,13962082,75,1,2847739,2847831,236627.4746,183711.6053,507800.6905,457512.4504,9.81229,2857.668362,1,2847614,102662.3676,352504.9723,2848645,6934897.0,11021149,5778832.998,1871738,2359676.0,2847614,690048.5372
1,3677148,0,3,266250,269993,3834.356621,7455.185345,25891.715,35057.13324,387.528596,358673.0803,0,266230,2582.266854,20748.37272,-1,0.0,-1,0.0,-1,0.0,-1,0.0
0,0,-1,-1,-1,-1,0.0,0.0,0.0,0.0,0.0,0.0,-1,-1,0.0,0.0,-1,0.0,-1,0.0,-1,0.0,-1,0.0
0,14987943,3859,5916,45315,24311,20037.22594,20009.7263,5465.012323,3459.223748,100.013724,11101.52341,60,24221,10005.3024,6234.913068,-1,0.0,-1,0.0,-1,0.0,-1,0.0
1,12975692,-1,17,-1,8409256,0.0,281977.6222,0.0,1276294.186,3.622157,199.681065,17,8409256,282080.2609,1262033.66,2169447,5766780.5,9364114,5087397.824,1882748,5146002.0,8409256,4614938.064
1,14907672,34,73,1031398,1038047,193606.1299,316506.2667,234004.1851,250299.8074,8.317865,1295.037884,22,707149,121200.5854,141284.1168,-1,0.0,-1,0.0,-1,0.0,-1,0.0
1,275433,-1,-1,-1,-1,0.0,0.0,0.0,0.0,7.261294,363.064702,275433,275433,275433.0,0.0,-1,0.0,-1,0.0,-1,0.0,-1,0.0
0,12717360,2,1114,402364,2154283,341.899828,163041.3462,6350.156187,383312.9666,2931.111489,117712.2453,2,352147,341.17666,6267.863389,-1,0.0,-1,0.0,-1,0.0,-1,0.0
0,19036913,116,120,18856009,50869,2115212.556,16262.66667,6277869.0,23574.72811,0.893002,333.404896,3,18856009,1189807.063,4711022.56,19036913,19000000.0,19036913,0.0,18856009,18900000.0,18856009,0.0
0,14965159,48,17,3541292,3593379,382423.7692,481891.2258,890869.9445,989468.9655,4.811175,2321.792906,17,3541292,210776.8873,679446.49,1343991,2982871.0,4911797,1357339.803,1198883,2503633.2,3541292,881958.5844
0,14986530,15565,100,24573,83910,19994.92924,20306.95122,2699.213411,6066.426332,99.355888,11028.5036,23,23791,10071.59274,6963.718372,-1,0.0,-1,0.0,-1,0.0,-1,0.0
1,10077241,10038512,10038474,10038512,10038474,10000000.0,10000000.0,0.0,0.0,0.396934,21.434438,38729,9999745,3359080.333,5750984.299,10038512,10000000.0,10038512,0.0,9999745,9999745.0,9999745,0.0
1,165411,-1,-1,-1,-1,0.0,0.0,0.0,0.0,12.091094,604.554715,165411,165411,165411.0,0.0,-1,0.0,-1,0.0,-1,0.0,-1,0.0
1,14995941,6529,767,21986,25286,19888.51592,19918.60372,1813.006604,1639.185152,100.560545,11284.98705,181,19350,9950.856669,3446.786855,-1,0.0,-1,0.0,-1,0.0,-1,0.0
1,345520,-1,-1,-1,-1,0.0,0.0,0.0,0.0,5.788377,289.418847,345520,345520,345520.0,0.0,-1,0.0,-1,0.0,-1,0.0,-1,0.0
1,53,53,-1,53,-1,53.0,0.0,0.0,0.0,37735.84906,1509433.962,53,53,53.0,0.0,-1,0.0,-1,0.0,-1,0.0,-1,0.0
0,14999344,56,15,24001,209937,17984.82494,45384.44242,4888.51058,31561.82309,77.736733,11407.0322,0,22330,12874.97339,6947.133584,-1,0.0,-1,0.0,-1,0.0,-1,0.0
1,317827,317827,-1,317827,-1,317827.0,0.0,0.0,0.0,9.439097,550.614013,38865,278962,158913.5,169774.2168,-1,0.0,-1,0.0,-1,0.0,-1,0.0
0,10711665,2,2,4335336,4335535,213730.14,161913.8636,762099.1962,667375.646,11.016028,2581.204696,2,4310204,91552.69231,501882.3197,3681784,4292100.0,4902416,863117.1645,3277929,3794066.5,4310204,729928.6525
1,13574123,11,44,1066778,1707549,181178.8356,308502.7955,245201.4461,395669.0803,8.766681,3174.79074,10,1017013,115034.9407,196510.9198,11966113,12000000.0,11966113,0.0,1017013,1017013.0,1017013,0.0
1,14442068,959420,958839,961575,961768,960258.0,960277.5385,602.550946,807.082928,2.077265,291.924951,38120,960199,498002.3448,451939.7488,-1,0.0,-1,0.0,-1,0.0,-1,0.0
1,205897,205846,205849,205846,205849,205846.0,205849.0,0.0,0.0,19.427189,9529.036363,48,205798,68632.33333,118788.9519,-1,0.0,-1,0.0,-1,0.0,-1,0.0
1,14964277,515,2493,1045649,1023621,277116.2407,371816.2895,300440.855,290854.745,6.281627,422.539626,18,702593,160906.2043,177667.2655,-1,0.0,-1,0.0,-1,0.0,-1,0.0
1,1077910,331,8,239333,215261,153987.1429,140617.8333,105362.8736,108927.7719,13.915819,7428.263955,8,213633,76993.57143,102730.2201,-1,0.0,-1,0.0,-1,0.0,-1,0.0
0,14999519,74,47,21588,207783,17963.49581,48822.56209,4762.431712,37081.43952,76.202444,10479.60271,6,21412,13134.42995,6999.205057,-1,0.0,-1,0.0,-1,0.0,-1,0.0
1,236455,-1,-1,-1,-1,0.0,0.0,0.0,0.0,8.458269,439.829989,236455,236455,236455.0,0.0,-1,0.0,-1,0.0,-1,0.0,-1,0.0
0,14993769,14807,5682,26386,24502,19993.90254,19991.692,2742.761042,3213.828125,100.108252,11112.01593,70,22620,9995.846,4523.386122,-1,0.0,-1,0.0,-1,0.0,-1,0.0
1,14999998,1064,136,27510,27378,19942.34176,19946.80585,1779.107814,1513.085588,100.400013,11229.6015,2,22774,9966.77608,7433.790717,-1,0.0,-1,0.0,-1,0.0,-1,0.0
1,130627,-1,-1,-1,-1,0.0,0.0,0.0,0.0,15.31077,750.227748,130627,130627,130627.0,0.0,-1,0.0,-1,0.0,-1,0.0,-1,0.0
1,14996511,41,41,32119,39374,17874.26818,17441.69499,6346.754681,5888.209842,113.359701,14956.21215,21,24316,8826.669217,5741.833372,-1,0.0,-1,0.0,-1,0.0,-1,0.0
0,14423755,959798,959653,964089,965220,961537.9333,961549.6667,1014.852344,1292.359258,2.218562,248.478985,478,963469,465282.4194,487681.5335,-1,0.0,-1,0.0,-1,0.0,-1,0.0
1,12735749,2,5,6950154,6950254,264801.1875,198601.6094,1040562.094,904829.0542,8.951181,1852.58048,2,6924895,112705.7434,681835.9315,1220689,3158674.25,7056204,2705380.076,1101930,2675083.25,6924895,2835369.98
1,10077988,10039195,10038970,10039195,10038970,10000000.0,10000000.0,0.0,0.0,0.396905,21.432849,38793,10000177,3359329.333,5751142.783,10039195,10000000.0,10039195,0.0,10000177,10000000.0,10000177,0.0
1,10077675,10038790,10039019,10038790,10039019,10000000.0,10000000.0,0.0,0.0,0.396917,21.433515,38656,10000134,3359225.0,5751195.899,10038790,10000000.0,10038790,0.0,10000134,10000000.0,10000134,0.0
0,14994251,15086,5633,25555,24382,20003.95194,19992.33467,2777.241913,3207.753889,100.105034,11111.65873,21,22496,9996.167333,4913.969978,-1,0.0,-1,0.0,-1,0.0,-1,0.0
0,0,-1,-1,-1,-1,0.0,0.0,0.0,0.0,0.0,0.0,-1,-1,0.0,0.0,-1,0.0,-1,0.0,-1,0.0,-1,0.0
1,274196,131,510,274065,131985,137098.0,66247.5,193700.589,92966.86405,21.882157,9278.034691,48,141522,54839.2,74853.36831,-1,0.0,-1,0.0,-1,0.0,-1,0.0
0,14996734,44,63,21306,27504,19685.4954,19680.75328,2076.166487,2705.854086,101.688808,13240.01613,11,20625,9840.37664,7410.306555,-1,0.0,-1,0.0,-1,0.0,-1,0.0
1,485792,144,26950,263801,212879,161930.6667,119914.5,141672.9638,131471.6567,14.409459,9880.772018,144,220371,80965.33333,105114.113,-1,0.0,-1,0.0,-1,0.0,-1,0.0
0,2050747,26,8,216187,216587,65924.03448,39012.67347,79845.94865,67853.05554,39.010175,3937.101944,6,179882,25958.82279,55350.3576,-1,0.0,-1,0.0,-1,0.0,-1,0.0
0,14424690,959819,959403,963583,963642,961595.9333,961608.0,1067.714714,1342.065279,2.218419,248.462879,552,962670,465312.5806,487491.132,-1,0.0,-1,0.0,-1,0.0,-1,0.0
1,3125330,3124434,3125330,3124434,3125330,3124434.0,3125330.0,0.0,0.0,1.279865,67.832837,13,3124434,1041776.667,1803634.211,3124447,3124447.0,3124447,0.0,3124434,3124434.0,3124434,0.0
1,13174606,279,488380,12359457,12401868,4228875.667,6445124.0,7043183.475,8424108.152,0.531325,30.437343,122,12359335,2195767.667,4982882.296,12686226,12700000.0,12686226,0.0,12359335,12400000.0,12359335,0.0
1,9792636,35,67,5451500,5635869,515401.8947,385932.64,1204970.82,1097829.282,4.697407,358.432602,9,5451500,217614.1333,802787.271,7714886,7714886.0,7714886,0.0,5451500,5451500.0,5451500,0.0
0,14989197,126,4,41744,38967,19167.7711,19079.97198,4851.025014,3727.186521,104.675387,12116.39289,1,30118,9559.436862,6609.793189,-1,0.0,-1,0.0,-1,0.0,-1,0.0
0,14991418,6,53,7723689,7726798,50818.3661,50690.53952,449682.4831,451898.808,39.22244,4683.813099,6,7723689,25539.04259,318753.9084,8338605,8338605.0,8338605,0.0,7723689,7723689.0,7723689,0.0
1,52,52,-1,52,-1,52.0,0.0,0.0,0.0,38461.53846,1538461.538,52,52,52.0,0.0,-1,0.0,-1,0.0,-1,0.0,-1,0.0
1,276475,276475,-1,276475,-1,276475.0,0.0,0.0,0.0,10.850891,3685.685867,983,275492,138237.5,194107.1754,-1,0.0,-1,0.0,-1,0.0,-1,0.0
0,1047108,6,0,25107,24285,1392.396277,325.99044,2948.411828,1479.330547,3716.904082,4197339.72,0,24271,269.110254,1372.431146,-1,0.0,-1,0.0,-1,0.0,-1,0.0
0,218864,218864,43549,218864,43549,218864.0,43549.0,0.0,0.0,18.27619,2905.914175,73,175242,72954.66667,91211.64708,-1,0.0,-1,0.0,-1,0.0,-1,0.0
0,14994118,5678,15704,24563,25487,19992.15733,19994.51936,3156.758473,2735.484434,100.105922,11111.75729,7,21945,9996.078667,4871.185405,-1,0.0,-1,0.0,-1,0.0,-1,0.0
1,14442263,959216,958970,960984,961233,960290.4,960209.0,442.530596,715.085559,2.215719,310.200694,37856,922959,465879.4516,449046.6983,-1,0.0,-1,0.0,-1,0.0,-1,0.0
0,14999663,4,4,96069,96093,4793.756152,7359.935721,13442.52292,15335.4789,344.607742,402516.3099,1,96064,2902.411571,10168.17905,-1,0.0,-1,0.0,-1,0.0,-1,0.0
1,14980923,2,5,7941948,7941955,534133.2857,404205.8108,1612653.809,1415621.648,4.472355,1123.829286,2,7916570,226983.6818,1067386.595,1915054,3719136.5,8023227,2909093.52,1813514,3606830.0,7916570,2909379.243
1,5401003,183,292932,4948415,4948407,1702774.333,2620669.5,2811938.996,3291917.942,1.296056,74.245469,61,4948346,900167.1667,1986729.815,5108071,5108071.0,5108071,0.0,4948346,4948346.0,4948346,0.0
1,10078100,10039227,10039382,10039227,10039382,10000000.0,10000000.0,0.0,0.0,0.3969,21.432611,38718,10000509,3359366.667,5751397.971,10039227,10000000.0,10039227,0.0,10000509,10000000.0,10000509,0.0
0,14988978,41,51,21095,27382,19684.19711,19612.72513,2131.468696,2762.68534,101.874858,13178.08326,41,18078,9822.397117,4196.792546,-1,0.0,-1,0.0,-1,0.0,-1,0.0
0,14994675,94,5947,75480,25349,20027.28476,20008.50868,5966.606385,3408.261204,99.968822,11096.53927,55,24084,10009.7964,6086.353148,-1,0.0,-1,0.0,-1,0.0,-1,0.0
0,97450239,433,146,97402450,23931,24400000.0,8270.666667,48700000.0,13565.44359,0.092355,22.011234,80,97402450,12200000.0,34400000.0,97450239,97500000.0,97450239,0.0,97402450,97400000.0,97402450,0.0
1,14697673,19,64,2378618,2517300,201337.9863,394659.7143,479212.4963,675275.886,7.484178,2743.76767,19,2151095,134841.0367,351305.412,2332033,4563786.0,8325419,3276517.747,2027878,2069904.333,2151095,70327.74009
1,261112,-1,-1,-1,-1,0.0,0.0,0.0,0.0,7.659548,375.317871,261112,261112,261112.0,0.0,-1,0.0,-1,0.0,-1,0.0,-1,0.0
0,10316479,147,427,215981,10008528,51336.66667,1711873.5,83640.51098,4064994.402,1.357052,424.66039,12,10008459,793575.3077,2769139.928,10316479,10300000.0,10316479,0.0,10008459,10000000.0,10008459,0.0
0,14995152,51,23,30016,26125,19129.59387,19105.86097,3536.122673,3926.725101,104.633818,12316.38065,13,22157,9563.234694,6367.228828,-1,0.0,-1,0.0,-1,0.0,-1,0.0
0,14084701,15,8,4247917,4247965,250342.4464,180573.0897,866296.2874,738967.4068,9.655867,1643.627366,8,4222390,104331.1185,562574.4952,2151592,3384838.0,4759725,1353700.197,2054553,3137329.75,4222390,1217352.706
1,12948301,7,17,11870410,11768460,314828.439,263497.8163,1851730.421,1679314.35,7.105179,2060.03861,7,11768460,142289.022,1233336.772,12911393,12900000.0,12911393,0.0,11768460,11800000.0,11768460,0.0
0,14994706,5458,15726,25005,24701,19992.94133,19994.29907,3204.013199,2722.207224,100.101996,11111.32156,14,22988,9996.470667,7270.191951,-1,0.0,-1,0.0,-1,0.0,-1,0.0
1,56723,56723,16748,56723,16748,56723.0,16748.0,0.0,0.0,70.518132,3737.460995,1117,38858,18907.66667,18962.961,-1,0.0,-1,0.0,-1,0.0,-1,0.0
1,11967309,14,17,11701891,11701845,914578.8462,854807.7857,3241274.941,3122182.062,2.423268,678.932916,9,11701792,427403.8929,2209671.247,11770699,11800000.0,11770699,0.0,11701792,11700000.0,11701792,0.0
0,72147,63,3,25052,24473,14429.4,8322.5,12957.53935,12319.44952,180.187672,54388.95588,3,24473,6012.25,10575.56921,-1,0.0,-1,0.0,-1,0.0,-1,0.0
1,14735204,83,39,2934925,3213066,179697.6098,217325.5224,365916.1047,453897.7812,10.247568,1768.418001,22,2934925,98234.69333,278381.4621,3383998,3951016.5,4518035,801885.2528,1023845,1979385.0,2934925,1351337.627
0,14993227,140,2,44153,42513,18370.38603,17024.20568,5376.934411,6346.2496,113.251137,15491.66167,2,34787,8835.136712,5796.065236,-1,0.0,-1,0.0,-1,0.0,-1,0.0
1,882259,35,46,221673,244948,70813.66667,110105.0,105356.8156,121231.8526,19.268718,2349.650159,12,244936,55141.1875,98360.42627,-1,0.0,-1,0.0,-1,0.0,-1,0.0
0,63083,3343,176,26559,28801,15770.75,7534.0,11971.3738,14181.49857,158.521313,71397.99946,20,25394,7009.222222,10700.18633,-1,0.0,-1,0.0,-1,0.0,-1,0.0
1,13595361,14,12,9633546,9695404,265362.8431,194219.4429,1354105.651,1165714.182,9.047204,1573.477894,5,9633546,111437.3852,879414.7287,3586868,6628492.0,9670116,4301505.912,1146527,5390036.5,9633546,6001228.687
1,727331,89,54,171035,179499,51939.71429,29753.3,71132.0229,60327.77272,49.496034,28130.24606,5,170989,20780.88571,49653.12175,-1,0.0,-1,0.0,-1,0.0,-1,0.0
1,10077401,10038844,10038740,10038844,10038740,10000000.0,10000000.0,0.0,0.0,0.396928,21.434098,38557,10000183,3359133.667,5751317.431,10038844,10000000.0,10038844,0.0,10000183,10000000.0,10000183,0.0
1,14438394,959512,959409,960610,960793,959967.6,959939.7333,366.678976,479.534144,2.216313,310.283817,38721,921768,465754.6452,448111.8175,-1,0.0,-1,0.0,-1,0.0,-1,0.0
1,14996039,35,19,30504,39047,18290.68498,17462.01515,5218.791843,5976.565441,111.962899,15229.62164,0,25257,8936.852801,7335.260443,-1,0.0,-1,0.0,-1,0.0,-1,0.0
1,14991815,36,32,994922,583275,112720.4135,112836.374,174958.5185,143886.2236,17.743015,4064.017599,1,583275,56572.88679,109090.2409,-1,0.0,-1,0.0,-1,0.0,-1,0.0
0,14995130,65,5959,67447,25481,19995.49933,19993.50667,5645.576996,3341.059712,100.099166,11111.00737,65,24105,9996.753333,4542.498564,-1,0.0,-1,0.0,-1,0.0,-1,0.0
0,14998770,58,136,42875,25245,19131.91699,19155.51724,3831.062662,3771.61062,104.541906,12279.14022,21,19813,9571.646458,2514.429797,-1,0.0,-1,0.0,-1,0.0,-1,0.0
1,136807,-1,-1,-1,-1,0.0,0.0,0.0,0.0,14.619135,716.337614,136807,136807,136807.0,0.0,-1,0.0,-1,0.0,-1,0.0,-1,0.0
0,14995809,15562,2009,24990,32269,20000.80774,19994.008,2767.550626,4191.897936,100.094633,11110.50428,4,23859,9997.206,7205.622594,-1,0.0,-1,0.0,-1,0.0,-1,0.0
0,944445,1290,122,363226,315889,81574.90909,64109.42857,96097.10149,77553.839,28.588218,4460.820905,70,315889,36324.80769,64093.05926,-1,0.0,-1,0.0,-1,0.0,-1,0.0
0,14979931,48,39,28794,152657,17961.54796,46670.65831,5083.767541,33312.50961,77.103159,11026.55279,39,28794,12980.87608,7009.541193,-1,0.0,-1,0.0,-1,0.0,-1,0.0
1,10077576,10038737,10038921,10038737,10038921,10000000.0,10000000.0,0.0,0.0,0.396921,21.433726,38655,10000082,3359192.0,5751179.444,10038737,10000000.0,10038737,0.0,10000082,10000000.0,10000082,0.0
1,124184,124184,-1,124184,-1,124184.0,0.0,0.0,0.0,24.157701,1159.569671,17,124167,62092.0,87787.30688,-1,0.0,-1,0.0,-1,0.0,-1,0.0
0,14999786,127,223,37858,25287,19143.19668,19108.00764,4531.055514,3676.176676,104.66816,12178.84042,55,24078,9560.093053,6281.407408,-1,0.0,-1,0.0,-1,0.0,-1,0.0
0,12806777,2,5,9645467,9645369,355033.5556,260851.1633,1606749.743,1380928.947,6.793278,1725.492683,2,9620324,148916.0116,1042408.884,12454690,12500000.0,12454690,0.0,9620324,9620324.0,9620324,0.0
1,272984,272984,-1,272984,-1,272984.0,0.0,0.0,0.0,10.989655,3732.819506,952,272032,136492.0,191682.5062,-1,0.0,-1,0.0,-1,0.0,-1,0.0
0,14993634,15383,5865,25201,24766,20004.4486,19991.512,2705.007577,3202.901799,100.109153,11112.11598,50,20829,9995.756,3983.900317,-1,0.0,-1,0.0,-1,0.0,-1,0.0
1,14445141,959287,958679,964789,964829,960420.2667,960427.1333,1330.600614,1445.076981,2.215278,310.13889,38652,926069,465972.2903,448276.2265,-1,0.0,-1,0.0,-1,0.0,-1,0.0
1,14964351,13799,14920,1228373,1228390,282092.2308,282346.2453,302161.4831,292067.7026,7.150327,705.476636,22,1228351,141173.1226,245705.3733,3011426,4637826.333,5859644,1466578.261,1040411,1138778.333,1228351,94278.15506
1,10077890,10038965,10038944,10038965,10038944,10000000.0,10000000.0,0.0,0.0,0.396908,21.433058,38925,10000019,3359296.667,5751034.24,10038965,10000000.0,10038965,0.0,10000019,10000000.0,10000019,0.0
0,119427000,193,3,118519148,472542,11900000.0,89927.77778,37400000.0,152029.4808,0.17584,60.112035,3,118519148,5971350.0,26500000.0,119427000,119000000.0,119427000,0.0,118519148,119000000.0,118519148,0.0
0,14422304,960249,959293,963046,964077,961426.5333,961446.1333,793.296501,1247.913136,2.218786,248.503984,476,962490,465235.6129,487623.9596,-1,0.0,-1,0.0,-1,0.0,-1,0.0
1,11775100,1,5,8287786,8287812,510824.8696,379023.9677,1750195.878,1515728.835,4.755798,1281.772554,1,8262506,214092.7273,1140873.197,1615475,3888274.667,8368751,3880342.946,1497948,3754764.333,8262506,3903819.908
1,209448,-1,209448,-1,209448,0.0,209448.0,0.0,0.0,14.323364,4865.169398,3627,205821,104724.0,142972.7485,-1,0.0,-1,0.0,-1,0.0,-1,0.0
1,267807,11,16,208397,1718,1079.866935,246.582996,13221.64421,322.255927,1855.814075,1303883.02,4,206884,539.933468,9287.343857,-1,0.0,-1,0.0,-1,0.0,-1,0.0
0,14426416,960277,959585,963461,963977,961722.3333,961731.8,924.226485,1292.65854,2.218153,248.433152,439,962886,465368.2581,487789.9356,-1,0.0,-1,0.0,-1,0.0,-1,0.0
0,272142,4,3,88800,103252,14762.0,22417.81818,25289.27062,33809.47278,99.212911,21514.50346,2,88773,10467.0,21946.10794,-1,0.0,-1,0.0,-1,0.0,-1,0.0
1,128318,128261,78,128261,100,128261.0,89.0,0.0,15.524175,38.965695,2852.288845,21,128140,32079.5,64040.34147,-1,0.0,-1,0.0,-1,0.0,-1,0.0
1,14442738,959204,956886,961803,962383,960275.6667,960232.1333,679.973546,1301.737924,2.215646,310.190492,38345,923304,465894.7742,448291.4115,-1,0.0,-1,0.0,-1,0.0,-1,0.0
0,14993325,4810,15721,24988,25255,19991.1,19996.34446,3087.122715,2747.833224,100.111216,11112.34499,18,22644,9995.55,5262.65939,-1,0.0,-1,0.0,-1,0.0,-1,0.0
1,638203,17,8,210959,207890,2464.104247,788.122984,18524.06503,9327.598848,1186.142967,1075732.956,2,207881,844.183862,10748.67097,-1,0.0,-1,0.0,-1,0.0,-1,0.0
1,14798481,139,35,3727059,3256292,355588.425,435249.4412,593424.982,593823.871,5.135662,319.830123,15,3256292,197313.08,397687.9724,8345859,8345859.0,8345859,0.0,3256292,3256292.0,3256292,0.0
1,272995,272995,-1,272995,-1,272995.0,0.0,0.0,0.0,10.989212,3732.669097,1024,271971,136497.5,191588.461,-1,0.0,-1,0.0,-1,0.0,-1,0.0
1,5952910,178,485765,5187011,5186989,1822460.0,2836377.0,2917148.332,3324267.37,1.175895,67.362013,35,5186954,992151.6667,2064583.688,5467145,5467145.0,5467145,0.0,5186954,5186954.0,5186954,0.0
0,2372,219,-1,2153,-1,1186.0,0.0,1367.544149,0.0,1264.755481,63659.35919,219,2153,1186.0,1367.544149,-1,0.0,-1,0.0,-1,0.0,-1,0.0
0,987,62,-1,925,-1,493.5,0.0,610.232333,0.0,3039.513678,152988.8551,62,925,493.5,610.232333,-1,0.0,-1,0.0,-1,0.0,-1,0.0
1,259586,178,49,259408,126948,129793.0,63498.5,183303.2909,89731.14342,23.113727,9850.300093,45,132366,51917.2,70992.27157,-1,0.0,-1,0.0,-1,0.0,-1,0.0
1,14998553,433,85,28208,24358,19813.14795,19814.60185,2270.626393,2020.683683,101.009744,12525.27494,9,20872,9906.573976,7474.94492,-1,0.0,-1,0.0,-1,0.0,-1,0.0
1,20366654,187,44,19949354,247389,4073330.8,152764.3333,8875574.185,133514.8573,0.490999,60.932935,16,19702804,2262961.556,6540823.177,20366654,20400000.0,20366654,0.0,19702804,19700000.0,19702804,0.0
0,14991298,121,1,40332,43133,18391.80368,16928.90622,5372.682213,6446.682518,113.532531,15592.77922,1,40167,8813.226337,5812.481061,-1,0.0,-1,0.0,-1,0.0,-1,0.0
1,12543202,13,14,9925675,9926888,312951.475,260762.9167,1577693.547,1441688.15,7.175201,2011.288665,4,9900476,140934.8539,1058267.678,2436980,6219093.0,10001206,5348715.499,1326298,5613387.0,9900476,6062859.407
0,14999506,15102,5621,24911,24527,19999.34133,19988.03338,2790.154936,3195.026699,100.069962,11107.76582,6,22960,9999.670667,5074.189327,-1,0.0,-1,0.0,-1,0.0,-1,0.0
0,108823964,263,1,108710607,31576,15500000.0,10981.5,41100000.0,15051.39971,0.156216,72.364576,1,108710607,6801497.75,27200000.0,108823964,109000000.0,108823964,0.0,108710607,109000000.0,108710607,0.0
0,14988301,5607,15723,25457,25258,20002.97997,19999.81709,3252.538526,2733.747043,100.078054,11108.66402,28,20636,9998.866578,4035.814521,-1,0.0,-1,0.0,-1,0.0,-1,0.0
1,14982068,201,1735,26280,24472,19904.04388,19895.19655,1988.137126,1746.88431,100.586915,11152.19875,2,21633,9948.252324,6765.595196,-1,0.0,-1,0.0,-1,0.0,-1,0.0
0,14982730,232,2,39217,34438,19176.40845,19179.96671,4769.617081,3560.774297,104.386851,12115.21532,2,32941,9585.879718,6120.392311,-1,0.0,-1,0.0,-1,0.0,-1,0.0
1,9999645,9732017,9732238,9732017,9732238,9732017.0,9732238.0,0.0,0.0,0.400014,19.600696,267407,9464610,3333215.0,5309943.832,9732017,9732017.0,9732017,0.0,9464610,9464610.0,9464610,0.0
0,6951126,1126,29927,6814261,6863034,2290851.667,2317042.0,3917487.61,3936969.875,1.150893,160.117943,93,6814261,993018.0,2567001.742,6930627,6930627.0,6930627,0.0,6814261,6814261.0,6814261,0.0
0,2916,33,115,1632,1687,582.0,638.0,718.2481,724.551585,3429.355281,558641.9753,33,1388,324.0,412.704343,-1,0.0,-1,0.0,-1,0.0,-1,0.0
1,8128086,172,14747,7384012,7644529,1625617.2,2626067.333,3220861.322,4347314.158,1.230302,615.766123,172,7384012,903120.6667,2432529.153,7867117,7867117.0,7867117,0.0,7384012,7384012.0,7384012,0.0
0,11684040,2,2,9221906,9219698,323840.9722,233177.34,1532401.771,1302907.851,7.531641,1899.086275,2,9194586,134299.3103,987042.3307,11320671,11300000.0,11320671,0.0,9194586,9194586.0,9194586,0.0
1,14881418,39,217404,2297659,2573213,533647.3333,783232.5263,596189.3868,618051.4048,3.225499,709.945786,24,2137648,316625.9149,411185.9879,5370961,5373508.5,5376056,3602.708911,1852022,1994835.0,2137648,201968.0815
0,2155,11,-1,879,-1,93.695652,0.0,197.402896,0.0,11136.89095,445475.6381,11,879,93.695652,197.402896,-1,0.0,-1,0.0,-1,0.0,-1,0.0
0,9438,400,1,9038,1,4719.0,1.0,6107.988294,1.0,635.727908,375821.1485,1,9038,1887.6,4000.468729,-1,0.0,-1,0.0,-1,0.0,-1,0.0
0,14718263,21,12,657200,703806,869.411247,437.580047,13790.2178,10442.02802,3412.766846,3359834.921,9,657089,293.023214,8013.486511,-1,0.0,-1,0.0,-1,0.0,-1,0.0
0,109997845,617,2,109949551,25504,27500000.0,8826.333333,55000000.0,14451.44055,0.08182,19.764024,2,109949551,13700000.0,38900000.0,109997845,110000000.0,109997845,0.0,109949551,110000000.0,109949551,0.0
1,134461,-1,-1,-1,-1,0.0,0.0,0.0,0.0,14.874201,751.147173,134461,134461,134461.0,0.0,-1,0.0,-1,0.0,-1,0.0,-1,0.0
1,130499,-1,54,-1,60,0.0,57.0,0.0,4.123106,30.651576,2406.148706,54,130385,43499.66667,75244.90594,-1,0.0,-1,0.0,-1,0.0,-1,0.0
0,14954895,71,5,6791122,6760831,337256.5,196774.9342,1115715.333,859793.3398,8.157864,1407.030942,5,6760831,123594.1736,683081.3148,1858645,3494728.0,6871282,2317438.485,1808649,3141418.25,6760831,2414594.521
1,14996356,50,25,31170,40605,18328.459,17336.82775,4944.620125,5734.732788,112.293947,14939.82938,7,21332,8910.49079,5138.150002,-1,0.0,-1,0.0,-1,0.0,-1,0.0
1,122790,-1,40,-1,177,0.0,108.5,0.0,96.868468,32.575943,2557.211499,40,122573,40930.0,70704.94522,-1,0.0,-1,0.0,-1,0.0,-1,0.0
0,14997752,147,3,38066,24220,19111.09184,19179.8105,4578.576356,3443.82016,104.482325,12195.42769,2,23433,9577.108557,6546.678209,-1,0.0,-1,0.0,-1,0.0,-1,0.0
1,14997283,103,17,37664,42004,18291.49817,17218.46498,4723.270657,6328.385041,112.820436,15364.7164,10,21259,8868.884092,6224.457223,-1,0.0,-1,0.0,-1,0.0,-1,0.0
1,408906,-1,-1,-1,-1,0.0,0.0,0.0,0.0,4.8911,244.554983,408906,408906,408906.0,0.0,-1,0.0,-1,0.0,-1,0.0,-1,0.0
0,14938285,-1,14901007,-1,14901007,0.0,14900000.0,0.0,0.0,0.200826,10.442966,37278,14901007,7469142.5,10500000.0,14938285,14900000.0,14938285,0.0,14901007,14900000.0,14901007,0.0
1,10077179,10038709,10038209,10038709,10038209,10000000.0,10000000.0,0.0,0.0,0.396936,21.43457,38470,9999739,3359059.667,5750997.006,10038709,10000000.0,10038709,0.0,9999739,9999739.0,9999739,0.0
0,75712,148,0,28963,25120,9935.571429,2706.1,11826.85424,7068.748645,383.030431,336525.2536,0,24915,2704.0,6550.960238,-1,0.0,-1,0.0,-1,0.0,-1,0.0
0,11435460,2,2,4324947,4324965,253527.2889,187054.0,873482.1486,755440.4195,9.444307,2212.066677,2,4299856,106873.4579,571541.7979,4449170,4651929.0,4854688,286744.5277,4016560,4158208.0,4299856,200320.5227
1,12360308,6,16,7176930,7073055,294293.0476,245912.84,1206042.031,1091790.931,7.604988,2303.826086,6,7073055,132906.5376,804597.998,1766925,4107042.667,7315482,2874388.297,1520841,3854851.0,7073055,2879777.656
0,12671805,4,3,3344584,3301390,9314.65708,10802.90281,143296.4591,151867.4863,199.734765,408037.1344,1,3301390,5008.618577,103523.0506,3402549,4004695.667,4607460,602455.7375,2659379,2990554.333,3301390,321488.4252
0,14994936,268,57,9650461,9650526,1249549.917,1153433.462,2782044.255,2712410.493,1.800608,243.748956,49,9650095,576728.3077,1945653.458,2989298,6494881.5,10000465,4957643.73,2972763,6311429.0,9650095,4721586.737
1,334989,4,20,152032,163322,19277.35714,28060.45455,40541.59246,49346.92517,80.599661,17946.85796,4,152012,12884.19231,32153.12361,-1,0.0,-1,0.0,-1,0.0,-1,0.0
0,14990628,5630,12538,24369,24659,20010.68491,20007.01202,3251.414692,2811.685896,100.062519,11106.93962,8,22968,10000.41895,5091.148608,-1,0.0,-1,0.0,-1,0.0,-1,0.0
0,14984800,5980,15526,24734,25353,20000.49132,19994.53939,3156.050185,2760.380956,100.101436,11111.25941,6,23960,9996.531021,6000.534332,-1,0.0,-1,0.0,-1,0.0,-1,0.0
1,14458161,959422,958664,974974,974873,961292.2667,961301.8667,3820.129541,3834.715586,2.213283,309.859601,38435,936341,466392.2903,449027.2374,-1,0.0,-1,0.0,-1,0.0,-1,0.0
0,13133751,87,2,7163937,7215111,820800.75,656647.9,1881431.39,1715568.994,2.893309,1191.129632,2,7163937,354966.2432,1281775.85,2008430,4335458.0,7994299,3207483.643,1896251,3987589.333,7163937,2796437.535
1,118803,57,31,52370,65168,13462.0,15569.33333,25945.16015,26457.93637,101.00755,20959.06669,31,64955,10800.27273,20699.65569,-1,0.0,-1,0.0,-1,0.0,-1,0.0
1,14242638,100,80,2011175,2011093,937478.0667,740010.6842,920640.0767,827134.9987,2.527622,227.907218,14,1830215,406932.5143,663631.3339,2003568,2008600.429,2017484,4549.530721,1594645,1701545.0,1830215,118435.4386
0,14996706,145,2,44023,36918,19028.85152,19205.86923,5364.922083,3685.880681,104.689657,12209.41452,1,36918,9558.130019,6435.457084,-1,0.0,-1,0.0,-1,0.0,-1,0.0
0,7093317,103,1,2896856,2897072,228811.0,172990.9512,614937.4671,541918.7222,10.432355,2944.884601,1,2896751,97168.72603,412216.2959,1990057,2490169.0,2990281,707265.1731,1828110,2362430.5,2896751,755643.2978
1,13111179,12,28,9917040,9915704,568954.0,467335.7143,2101778.784,1909795.828,4.042352,1136.434794,2,9890175,252138.0577,1404753.388,2555126,6278939.0,10002752,5266266.848,2453938,6172056.5,9890175,5258213.609
0,14991306,91,3,8888728,8888989,832830.1111,681413.5455,2194309.187,2006187.174,2.801624,1223.242325,3,8888461,365641.6098,1490278.747,4996795,7495359.0,9993923,3533503.095,3698306,6293383.5,8888461,3669993.796
1,121546,35,27,53180,65357,14089.25,16049.33333,26100.00314,26449.86005,98.728054,14323.79511,27,65189,11049.63636,20768.42818,-1,0.0,-1,0.0,-1,0.0,-1,0.0
0,14999748,33,9,120376,44135,44620.84776,17646.76235,22879.25259,6384.914821,79.134663,12867.94952,9,37951,12647.34233,7268.98465,-1,0.0,-1,0.0,-1,0.0,-1,0.0
1,14999502,45,24,31202,38732,18424.44717,17376.15064,4823.950361,5562.593281,111.93705,14886.89425,10,22643,8938.916567,6829.809804,-1,0.0,-1,0.0,-1,0.0,-1,0.0
1,14814458,94,40,1011594,839258,115737.9531,128786.0175,213793.3697,167363.7564,16.470397,2891.02713,10,839258,60964.84774,120388.9983,-1,0.0,-1,0.0,-1,0.0,-1,0.0
1,54407,28,20,38694,45300,9024.0,10875.8,15024.71117,19612.05652,238.939842,24298.34396,6,29749,4533.916667,8719.414054,-1,0.0,-1,0.0,-1,0.0,-1,0.0
0,56970,-1,-1,-1,-1,0.0,0.0,0.0,0.0,35.106196,2334.56205,56970,56970,56970.0,0.0,-1,0.0,-1,0.0,-1,0.0,-1,0.0
0,65512,32518,-1,32994,-1,32756.0,0.0,336.581342,0.0,45.793137,9418.121871,32518,32994,32756.0,336.581342,-1,0.0,-1,0.0,-1,0.0,-1,0.0
1,14441330,959407,959307,961163,961034,960173.7333,960190.6,448.955131,478.607847,2.215862,310.220735,38471,922162,465849.3548,448469.1172,-1,0.0,-1,0.0,-1,0.0,-1,0.0
1,14554075,13,19,11124145,11125221,322861.7333,234743.1452,1660063.713,1417065.696,7.489311,1358.245028,13,11098975,134759.9537,1073330.604,2918118,7102810.0,11287502,5918048.181,1171986,6135480.5,11098975,7019441.239
0,25608,-1,-1,-1,-1,0.0,0.0,0.0,0.0,78.100594,4061.230865,25608,25608,25608.0,0.0,-1,0.0,-1,0.0,-1,0.0,-1,0.0
0,14999314,203,2,37798,28033,19150.211,19131.77806,4735.169473,3564.902002,104.538114,12171.68999,2,28033,9571.993618,6448.003337,-1,0.0,-1,0.0,-1,0.0,-1,0.0
0,1569181,8,22,1437561,65577,130765.0833,13978.88889,411759.4252,22984.03891,14.657328,3842.768935,7,1410360,71326.40909,299319.7018,1562098,1562098.0,1562098,0.0,1410360,1410360.0,1410360,0.0
0,14999285,5302,15732,25039,25035,19993.32977,19999.04667,3220.592028,2747.399663,100.071437,11107.92948,12,23595,9999.523333,6516.458542,-1,0.0,-1,0.0,-1,0.0,-1,0.0
1,13405344,254,61357,8077720,7901677,837834.0,952231.5,1980081.579,2016936.887,2.387108,146.210347,15,7763538,432430.4516,1384915.842,13267156,13300000.0,13267156,0.0,7763538,7763538.0,7763538,0.0
0,14884973,22,13,519062,518999,627.710201,317.549519,9411.634767,7360.140197,4731.886312,4660567.943,9,518985,211.335212,5466.35738,-1,0.0,-1,0.0,-1,0.0,-1,0.0
1,14999615,2338,1127,27770,23716,19913.07447,19946.29654,1980.386547,1363.677941,100.402577,12087.84359,86,20199,9966.521595,4484.558373,-1,0.0,-1,0.0,-1,0.0,-1,0.0
0,14960723,625,70,8568970,8646492,598428.92,392457.5,1698067.661,1410065.531,4.34471,407.93483,26,8568970,233761.2969,1085964.44,2830329,6543961.0,10257593,5251868.74,1842403,5205686.5,8568970,4756401.14
1,14950404,503,3929,1497696,1492004,619908.1304,757877.4211,431233.2226,403489.7857,2.943064,183.807742,16,1166243,347683.814,275775.3793,14073910,14100000.0,14073910,0.0,1166243,1166243.0,1166243,0.0
1,14789560,182,47,1008605,736201,274110.5283,319467.8913,284898.9029,205554.6238,6.829142,486.627053,15,639087,147895.6,175081.7691,-1,0.0,-1,0.0,-1,0.0,-1,0.0
1,275138,275138,-1,275138,-1,275138.0,0.0,0.0,0.0,10.903619,3703.596014,991,274147,137569.0,193150.4599,-1,0.0,-1,0.0,-1,0.0,-1,0.0
0,14997293,111,2,38632,42010,19072.83842,19129.20026,4900.483198,3945.77169,104.818916,12287.0174,2,37957,9546.335455,5758.64611,-1,0.0,-1,0.0,-1,0.0,-1,0.0
0,14986221,5650,15674,24608,24549,20002.39119,20002.87984,3135.952499,2808.717983,100.091944,11110.20584,11,23014,9997.478986,6191.900877,-1,0.0,-1,0.0,-1,0.0,-1,0.0
0,14998307,5676,15724,24629,24455,19996.03333,20002.93458,3103.272323,2681.138493,100.077962,11108.6538,22,23600,9998.871333,6830.843609,-1,0.0,-1,0.0,-1,0.0,-1,0.0
0,14993917,14538,5976,24905,24600,20005.59413,19991.78933,2732.061516,3133.339827,100.107263,11111.90625,26,22753,9995.944667,5469.038866,-1,0.0,-1,0.0,-1,0.0,-1,0.0
0,14426410,960073,960300,963037,963054,961725.4667,961713.2,833.361212,746.106819,2.218154,248.433255,505,962325,465368.0645,487798.2707,-1,0.0,-1,0.0,-1,0.0,-1,0.0
0,98452,895,16264,66749,29010,32817.33333,22637.0,32972.94943,9012.782978,71.100638,47464.7544,895,27605,16408.66667,11808.07212,-1,0.0,-1,0.0,-1,0.0,-1,0.0
0,14996718,397,4,6376728,6298682,1496718.4,624863.25,2317368.535,1614519.719,2.400525,393.486095,4,6298682,428477.6571,1354707.793,1743052,3727744.75,6379870,2293815.309,1693011,3641759.75,6298682,2291518.625
1,14758007,197,41,846919,1039110,273296.4259,376078.8684,227101.259,365513.8832,6.369424,402.290092,18,674340,158688.2473,201831.0131,-1,0.0,-1,0.0,-1,0.0,-1,0.0
1,14999377,34,45,24401,59647,17708.82763,17437.922,5157.394904,6275.585242,113.871396,15439.90794,4,21325,8786.981254,5601.924222,-1,0.0,-1,0.0,-1,0.0,-1,0.0
0,14999067,66,36,42896,25371,19133.91826,19155.89655,3827.282526,3830.373574,104.539836,12279.63046,36,19051,9571.835992,2525.110232,-1,0.0,-1,0.0,-1,0.0,-1,0.0
0,187975,33,9,112459,45012,27098.16667,11568.78571,45534.71307,16874.79423,117.03684,57326.77218,7,45012,8951.190476,14857.78976,-1,0.0,-1,0.0,-1,0.0,-1,0.0
0,14996170,15699,773,25056,86220,20002.00801,20149.0336,2840.787034,5852.040929,99.692121,11065.82547,31,24066,10037.59706,5522.733109,-1,0.0,-1,0.0,-1,0.0,-1,0.0
1,14996213,5024,1685,26023,26781,19898.0425,19894.85392,1797.556504,1581.914724,100.558721,12668.79845,25,20196,9951.03716,4532.528441,-1,0.0,-1,0.0,-1,0.0,-1,0.0
0,12472614,2,2,4279424,4279441,222276.8571,165966.5733,684530.7518,598014.264,10.663362,2407.674927,2,4254395,94489.5,451493.2535,2067740,3778514.0,6901241,2708485.081,1917651,2754090.667,4254395,1302163.719
1,282317,-1,-1,-1,-1,0.0,0.0,0.0,0.0,7.084235,357.753872,282317,282317,282317.0,0.0,-1,0.0,-1,0.0,-1,0.0,-1,0.0
1,219418,219418,-1,219418,-1,219418.0,0.0,0.0,0.0,13.672534,7027.682323,28,219390,109709.0,155112.3577,-1,0.0,-1,0.0,-1,0.0,-1,0.0
1,888382,31,13,210133,251073,53111.25,67844.4,94202.87259,109434.5357,27.015406,7055.523412,9,251047,38625.30435,85235.75312,-1,0.0,-1,0.0,-1,0.0,-1,0.0
1,2674671,22,57,2538836,2564506,326241.125,529734.6,894178.8691,1137781.265,5.608166,1476.817149,22,2538836,191047.9286,675993.8214,2564884,2564884.0,2564884,0.0,2538836,2538836.0,2538836,0.0
1,14985851,8793,140,25053,22328,19949.11585,19948.41811,1630.936406,1395.445548,100.361334,11829.15805,14,20647,9970.626081,7531.52858,-1,0.0,-1,0.0,-1,0.0,-1,0.0
1,276583,276583,-1,276583,-1,276583.0,0.0,0.0,0.0,10.846654,3684.246682,3004,273579,138291.5,191325.4173,-1,0.0,-1,0.0,-1,0.0,-1,0.0
0,14999340,0,126,31144,35631,19226.81923,19228.45641,3572.195276,4402.942986,104.137915,11229.89412,0,22043,9608.80205,4951.514435,-1,0.0,-1,0.0,-1,0.0,-1,0.0
1,3119738,11,24,2979668,3006610,381794.625,618786.6,1049851.349,1335101.576,4.808096,1257.477391,9,2979668,222838.4286,793694.2768,3005497,3005497.0,3005497,0.0,2979668,2979668.0,2979668,0.0
1,10076946,10038666,10038713,10038666,10038713,10000000.0,10000000.0,0.0,0.0,0.396946,21.435066,38233,10000433,3358982.0,5751665.284,10038666,10000000.0,10038666,0.0,10000433,10000000.0,10000433,0.0
0,108519265,145,6,107854873,226785,9865387.727,62363.77778,32500000.0,78300.95284,0.202729,58.855909,6,107854873,5167584.048,23500000.0,108519265,109000000.0,108519265,0.0,107854873,108000000.0,107854873,0.0
0,14993324,5672,15729,24934,24302,19988.94933,19995.48331,3121.313172,2750.46361,100.111223,11112.34574,23,23653,9995.549333,7118.572916,-1,0.0,-1,0.0,-1,0.0,-1,0.0
0,14966515,2,21,359114,320153,21972.29602,55637.32714,58561.87882,67971.30664,63.475031,236925.029,2,320126,15770.82719,42278.37359,-1,0.0,-1,0.0,-1,0.0,-1,0.0
1,265083,228,211,264855,131825,132541.5,66018.0,187119.5462,93065.15189,22.63442,9596.994149,20,132799,53016.6,72387.33065,-1,0.0,-1,0.0,-1,0.0,-1,0.0
0,14834036,1,91,8146343,7903485,988935.7333,1141043.615,2097114.081,2124442.097,2.022376,189.968529,1,7903485,511518.4828,1503769.721,2518757,5316122.5,8113488,3956072.229,2319129,5111307.0,7903485,3948735.996
0,14994305,92,5473,198767,25378,19998.6235,19992.26133,8355.848045,3314.23283,100.104673,11111.61871,6,23979,9996.203333,6919.225688,-1,0.0,-1,0.0,-1,0.0,-1,0.0
0,14998491,165,2,36759,41437,18390.68957,17063.12969,5234.3026,5880.689014,113.078042,15474.42339,2,21306,8848.667257,5121.424262,-1,0.0,-1,0.0,-1,0.0,-1,0.0
1,14951753,4,29,2365539,2312274,91169.22561,88997.14881,403653.8104,390437.9155,22.338518,5282.791924,4,2311929,44900.15916,280442.4879,1695706,1867988.375,2372463,229940.7241,1636447,1817007.375,2311929,224731.0657
0,51403,53,19,28120,28060,6425.375,1923.6,11833.3527,7230.682909,486.352937,351555.3567,15,28060,2141.791667,7174.338415,-1,0.0,-1,0.0,-1,0.0,-1,0.0
0,14996618,46,38,86596,484037,30353.8583,305110.0,13304.39501,166052.8548,36.341527,7971.930738,38,86596,27567.3125,14874.28049,-1,0.0,-1,0.0,-1,0.0,-1,0.0
1,145701,-1,-1,-1,-1,0.0,0.0,0.0,0.0,13.726742,713.790571,145701,145701,145701.0,0.0,-1,0.0,-1,0.0,-1,0.0,-1,0.0
0,14999559,36,334,41193,25479,19107.71847,19104.16837,3591.590294,4049.82411,104.736413,12360.89674,36,19965,9553.859236,2692.547874,-1,0.0,-1,0.0,-1,0.0,-1,0.0
1,14613887,3,22,5190185,4881565,117980.8512,149121.2959,506039.9697,515041.6766,15.122602,3873.918007,3,4881565,66426.75909,347416.6823,8280106,8280106.0,8280106,0.0,4881565,4881565.0,4881565,0.0
1,14998966,27,8,36214,41196,17624.68625,17374.219,5552.317139,6062.491688,114.407887,15546.67168,8,22109,8745.75277,5262.649615,-1,0.0,-1,0.0,-1,0.0,-1,0.0
0,9361230,20,5,6312233,6505616,199175.1064,116912.5385,919602.2193,742770.7669,13.566593,6707.8792,5,6312233,74295.47619,565955.7802,8925914,8925914.0,8925914,0.0,6312233,6312233.0,6312233,0.0
1,14999037,245,6761,24996,22987,19942.67021,19944.29255,1811.500601,1374.233482,100.406446,12551.8725,7,20867,9966.137542,7300.871371,-1,0.0,-1,0.0,-1,0.0,-1,0.0
0,14985843,267,2,37861,44236,19138.22095,19104.98214,4556.176705,3644.585755,104.698815,12197.24509,2,34133,9557.297832,5359.540167,-1,0.0,-1,0.0,-1,0.0,-1,0.0
1,14443436,959364,942370,961318,980166,960245.7333,960319.4667,547.898709,7224.202421,2.215539,310.175501,38442,922715,465917.2903,445823.2746,-1,0.0,-1,0.0,-1,0.0,-1,0.0
1,14998877,16,30,24710,41628,17644.08353,17379.58285,5294.328481,5911.773135,114.341894,15239.54093,12,22927,8750.803384,7321.210969,-1,0.0,-1,0.0,-1,0.0,-1,0.0
1,10105342,13,15,5656318,5616250,252003.475,229087.5909,1018480.934,967198.0235,8.51035,2475.918183,1,5590724,118886.3765,697353.9428,3335943,5000635.5,6665328,2354230.711,3225861,4408292.5,5590724,1672210.664
0,96514,160,1,25398,25964,13776.14286,10695.71429,11866.87885,13310.50662,165.779058,47827.25822,1,25286,6434.266667,10477.59206,-1,0.0,-1,0.0,-1,0.0,-1,0.0
1,438822,10,19,213218,7976,3299.413534,915.493927,18419.0268,1363.627033,870.512417,782064.2538,6,212640,1151.76378,10926.93161,-1,0.0,-1,0.0,-1,0.0,-1,0.0
0,9275595,3,58,8570150,8569852,713436.5385,927559.5,2361820.667,2686321.378,2.695245,1275.82112,3,8569852,386483.125,1744021.315,8926541,8926541.0,8926541,0.0,8569852,8569852.0,8569852,0.0
1,632124,11,25,396609,206872,57465.81818,33094.58333,128511.0897,76946.1975,39.549202,33007.7643,11,208031,26338.5,67679.24243,-1,0.0,-1,0.0,-1,0.0,-1,0.0
1,14835765,5,599,2613251,3052993,271677.6981,503356.6897,506141.9249,686166.2854,5.661993,2160.050392,5,2613251,178744.1566,368125.274,2851701,4799639.333,5967301,1698047.29,1344114,1790813.333,2613251,713135.0872
1,219230,219230,-1,219230,-1,219230.0,0.0,0.0,0.0,13.684259,12867.76445,435,218795,109615.0,154403.8367,-1,0.0,-1,0.0,-1,0.0,-1,0.0
0,14996410,28,338,93757,180957,17580.78546,51982.25347,6763.652052,33314.07517,76.218242,10745.03831,28,54463,13131.70753,7300.408746,-1,0.0,-1,0.0,-1,0.0,-1,0.0
1,323733,323733,-1,323733,-1,323733.0,0.0,0.0,0.0,9.266896,540.568926,40569,283164,161866.5,171540.5696,-1,0.0,-1,0.0,-1,0.0,-1,0.0
1,10077838,10038706,10039116,10038706,10039116,10000000.0,10000000.0,0.0,0.0,0.396911,21.433169,38722,9999984,3359279.333,5751018.944,10038706,10000000.0,10038706,0.0,9999984,9999984.0,9999984,0.0
1,6539908,6539908,-1,6539908,-1,6539908.0,0.0,0.0,0.0,0.305815,15.902364,6539908,6539908,6539908.0,0.0,6539908,6539908.0,6539908,0.0,6539908,6539908.0,6539908,0.0
0,0,-1,-1,-1,-1,0.0,0.0,0.0,0.0,0.0,0.0,-1,-1,0.0,0.0,-1,0.0,-1,0.0,-1,0.0,-1,0.0
0,14876200,4,12,382100,782069,478.056816,244.501192,8716.242872,7226.31739,6181.887848,6073852.866,1,382100,161.764642,5073.574916,-1,0.0,-1,0.0,-1,0.0,-1,0.0
0,14427492,960703,960898,966005,966099,961798.2,961788.0667,1342.238413,1383.596141,2.217988,248.414624,490,965468,465402.9677,487939.4854,-1,0.0,-1,0.0,-1,0.0,-1,0.0
0,14421484,959135,959012,963185,963987,961394.9333,961388.6,1008.406095,1273.194649,2.218912,248.518114,548,962514,465209.1613,487638.2035,-1,0.0,-1,0.0,-1,0.0,-1,0.0
1,14765329,32,63,2779166,3009832,1230441.833,2336861.833,1223463.007,1209169.907,1.354525,628.228467,11,2779166,777122.5789,1134282.887,2008565,2755082.4,3001196,427774.2494,1780087,2570013.6,2779166,441662.3183
0,14999219,324,5,37164,33621,19128.1175,19180.58696,4595.565136,3518.250267,104.472106,12103.16351,5,33621,9578.045338,5007.398299,-1,0.0,-1,0.0,-1,0.0,-1,0.0
0,14430703,960242,959024,964529,965010,961988.6667,961969.9333,1140.372318,1469.946062,2.217494,248.359349,510,964005,465506.5484,487923.6612,-1,0.0,-1,0.0,-1,0.0,-1,0.0
0,0,-1,-1,-1,-1,0.0,0.0,0.0,0.0,0.0,0.0,-1,-1,0.0,0.0,-1,0.0,-1,0.0,-1,0.0,-1,0.0
0,14425638,960135,958905,963114,963964,961622.1333,961661.2,855.113557,1301.265796,2.218273,248.446551,524,962104,465343.1613,487703.3004,-1,0.0,-1,0.0,-1,0.0,-1,0.0
0,965,142,791,367,791,254.5,791.0,159.095883,0.0,5181.34715,276683.9378,142,456,241.25,144.704008,-1,0.0,-1,0.0,-1,0.0,-1,0.0
1,2444976,18,28465,194234,356052,126572.7895,244482.3,79366.86702,138591.1338,12.679061,1242.138982,18,190339,81499.2,78584.84155,-1,0.0,-1,0.0,-1,0.0,-1,0.0
1,14997849,13,13,9903644,9903788,441113.2059,383902.2821,1810155.046,1693560.596,5.000717,1432.272054,6,9878264,202673.6351,1232865.129,4100578,7050569.5,10000561,4171917.988,3996910,6937587.0,9878264,4158745.296
1,10084475,10045345,10043458,10045345,10043458,10000000.0,10000000.0,0.0,0.0,0.396649,21.419062,39130,10004328,3361491.667,5752865.095,10045345,10000000.0,10045345,0.0,10004328,10000000.0,10004328,0.0
0,13993189,80165,34451,11379162,11381215,2303995.5,2304052.333,4468209.965,4473802.789,1.000487,81.825522,61,11210287,1076399.154,3061191.417,1572807,6475984.5,11379162,6934140.119,1232522,6221404.5,11210287,7055345.293
0,12580474,3,3,3112870,3073419,61954.24257,56549.77928,326268.4093,306701.0316,33.861999,11396.23197,1,3047945,29601.11529,221437.851,1117782,4149604.333,6394038,2724831.193,1080458,2382551.667,3047945,1127737.452
0,14976968,40,8,4882399,4857089,282077.5283,160771.4409,944435.1941,720388.3245,9.88184,1677.308785,8,4857089,101884.1361,573765.506,4122708,4974820.667,5777241,828385.0904,3107612,3952786.667,4857089,876235.9865
0,14988012,15493,2900,24506,53877,19998.46328,20005.06008,2787.729011,4404.40174,100.079984,11108.87822,29,24099,9998.673783,5674.328862,-1,0.0,-1,0.0,-1,0.0,-1,0.0
1,2918904,1265,25,822380,676624,252544.3636,173427.5,260762.8168,170843.6577,9.935236,1423.136903,17,676624,104246.5714,151841.0351,-1,0.0,-1,0.0,-1,0.0,-1,0.0
0,12490988,732,55418,9390192,9466966,2069057.0,2081831.333,3758252.681,3776746.749,1.120808,146.66574,36,9390192,960845.2308,2643755.024,3024022,6235853.5,9447685,4542215.667,2771906,6081049.0,9390192,4679834.91
0,12331592,72,4,6170209,6106783,222814.2909,123315.92,876407.1426,648838.6745,12.731527,2055.857832,4,6106783,79048.66667,520066.9317,1403258,3802895.667,8244022,3850294.795,1352241,3038164.0,6106783,2661823.356
0,14999529,14,11,42974,179144,17563.85129,50991.70307,6269.240816,32205.45156,76.602405,10818.47303,11,40736,13065.79181,7420.984324,-1,0.0,-1,0.0,-1,0.0,-1,0.0
0,14934195,-1,14897556,-1,14897556,0.0,14900000.0,0.0,0.0,0.200881,10.445826,36639,14897556,7467097.5,10500000.0,14934195,14900000.0,14934195,0.0,14897556,14900000.0,14897556,0.0
1,5090916,142296,482360,1023293,1224849,723658.4,848486.0,378546.8512,289644.6649,2.553568,253.981798,51144,729479,424243.0,182549.7473,-1,0.0,-1,0.0,-1,0.0,-1,0.0
0,14995206,5677,15713,24755,24630,19990.41333,19999.498,3064.181194,2747.699986,100.098658,11110.95106,21,23844,9996.804,6439.893412,-1,0.0,-1,0.0,-1,0.0,-1,0.0
1,10077901,10039114,10038745,10039114,10038745,10000000.0,10000000.0,0.0,0.0,0.396908,21.433035,38787,9999958,3359300.333,5750978.24,10039114,10000000.0,10039114,0.0,9999958,9999958.0,9999958,0.0
0,12819047,2812262,2802127,7203811,7204214,5008036.5,5003170.5,3105294.078,3112745.569,0.468054,20.90639,444,7203367,2563809.4,2948882.718,2802127,4273015.667,7204214,2538497.731,2802127,4272585.333,7203367,2538136.435
0,14657491,33,9,3869861,3945915,285914.9412,161071.3297,863591.9586,660028.8802,9.824328,1768.924845,8,3869861,102499.9371,524805.5174,2367593,3480181.0,3920682,745564.6982,1649094,3047975.5,3869861,991024.9748
1,13634039,8,30,2403527,2354995,86205.55862,92748.56463,397250.8557,393868.6841,21.563676,4992.871151,7,2354677,46532.55631,282278.2366,1134215,1945711.0,2415838,405609.8478,1134215,1806447.286,2354677,369398.833
1,14985266,57,120,29620,24713,19874.35809,19866.7626,2207.195275,1737.857985,100.765645,11579.17384,2,20860,9930.593771,7315.60002,-1,0.0,-1,0.0,-1,0.0,-1,0.0
0,9984886,27,26,9672313,9738502,708471.0714,998488.6,2580147.939,3071182.854,2.603936,436.860271,26,9672313,399395.44,1931970.864,9944235,9944235.0,9944235,0.0,9672313,9672313.0,9672313,0.0
1,14441949,959315,951206,961872,967768,960226.0667,960095.6667,617.67409,3282.086122,2.215767,310.207438,38384,922633,465869.3226,447545.8993,-1,0.0,-1,0.0,-1,0.0,-1,0.0
1,14443222,959372,959378,961821,961698,960286.9333,960274.0,702.505513,648.653716,2.215572,310.180097,38680,923018,465910.3871,448269.8924,-1,0.0,-1,0.0,-1,0.0,-1,0.0
0,14231181,2,3,9073547,9073764,394609.1667,289848.0816,1552323.788,1336968.563,6.113337,1473.595199,2,9048546,165478.8488,1011055.837,1305075,4635758.333,10054313,4733571.212,1120964,4192175.667,9048546,4254613.107
0,14998898,126,2,39633,34171,19148.92976,19106.71338,5188.742187,3663.110705,104.674357,12270.36813,1,34171,9559.527087,5757.350852,-1,0.0,-1,0.0,-1,0.0,-1,0.0
0,1327990,1067,5,567602,378425,128073.4,45742.67857,173523.9024,78867.07285,30.120709,3579.093216,5,378425,34051.02564,69256.98152,-1,0.0,-1,0.0,-1,0.0,-1,0.0
1,14941848,211209,14730706,14730639,14730706,7470924.0,14700000.0,10300000.0,0.0,0.334631,111.231221,18,14519515,3735462.0,7190057.612,14730639,14700000.0,14730639,0.0,14519515,14500000.0,14519515,0.0
0,12496692,1,3,9625223,9625182,389737.8438,290032.6279,1713485.598,1481921.79,6.161631,1625.15008,1,9600058,164430.1579,1114797.234,2135883,6046123.5,9956364,5529915.147,1731805,5665931.5,9600058,5563695.052
0,12592605,6,15,4766019,4766060,163540.3247,228491.9818,703916.3681,826298.2406,10.641166,1873.956977,6,4740487,94681.2406,536105.6334,1247965,3090959.75,5285352,1717927.336,1023876,2814969.5,4740487,1568783.694
0,77199,3,10,3583,1184,37.276195,79.371755,134.258578,133.90236,39326.93429,38300000.0,0,1184,25.436244,64.580435,-1,0.0,-1,0.0,-1,0.0,-1,0.0
0,52701,-1,-1,-1,-1,0.0,0.0,0.0,0.0,37.949944,2922.14569,52701,52701,52701.0,0.0,-1,0.0,-1,0.0,-1,0.0,-1,0.0
0,14990505,249,111,36642,27567,19109.16199,19109.57908,4388.924833,3569.830471,104.732963,12100.65972,65,22818,9554.17782,4937.196227,-1,0.0,-1,0.0,-1,0.0,-1,0.0
0,13106392,120,2,4919345,4920085,238296.0364,182030.8889,802489.7088,706931.4246,9.842526,2761.324398,2,4919003,102393.6875,536031.7373,2001238,4333779.667,5989956,2078598.174,1837391,3214118.0,4919003,1566795.738
1,7234510,439,26,3554561,3322897,436421.0,328841.3636,947096.2827,768960.4204,5.529054,256.824581,18,3138335,185500.2564,556376.6662,1883517,2792695.0,3701873,1285771.858,1670323,2404329.0,3138335,1038041.24
1,10078395,10039283,10038589,10039283,10038589,10000000.0,10000000.0,0.0,0.0,0.396889,21.431984,39112,9999477,3359465.0,5750419.084,10039283,10000000.0,10039283,0.0,9999477,9999477.0,9999477,0.0
0,14997081,5699,15705,25774,24679,19986.63067,19996.05067,3027.95923,2733.682658,100.152823,11116.96336,2,22950,9991.393071,5319.136438,-1,0.0,-1,0.0,-1,0.0,-1,0.0
0,14426094,959711,958982,965862,965973,961629.9333,961607.8,1553.452421,1880.046303,2.218203,248.438697,404,965458,465357.871,487696.4308,-1,0.0,-1,0.0,-1,0.0,-1,0.0
0,11878561,159773,160546,3687861,3521252,2331220.4,2375712.2,1381976.802,1364931.959,1.010223,81.407167,49999,3465678,1079869.182,1421278.298,2044629,2926534.5,3637089,772802.6194,1994205,2805930.5,3465678,696022.6139
0,14996400,72,1,6831536,6780616,357042.5476,282943.4906,1147867.139,1026160.094,6.468219,2131.978341,1,6780616,156212.5,769784.4936,3112694,4999911.5,6887129,2668928.584,3061921,4921268.5,6780616,2629514.452
0,13207785,58,1278,10023625,10009418,366146.0833,628464.3333,1657477.567,2152133.748,4.467062,304.820225,27,10008452,227720.431,1308960.606,11431275,11400000.0,11431275,0.0,10008452,10000000.0,10008452,0.0
0,125683667,191,191,124794492,680484,10500000.0,84349.2,36000000.0,210786.7058,0.190956,65.012425,32,124794492,5464507.261,26000000.0,125683667,126000000.0,125683667,0.0,124794492,125000000.0,124794492,0.0
1,158434,-1,-1,-1,-1,0.0,0.0,0.0,0.0,12.623553,631.177651,158434,158434,158434.0,0.0,-1,0.0,-1,0.0,-1,0.0,-1,0.0
1,10077170,10038771,10038837,10038771,10038837,10000000.0,10000000.0,0.0,0.0,0.396937,21.434589,38333,10000438,3359056.667,5751604.951,10038771,10000000.0,10038771,0.0,10000438,10000000.0,10000438,0.0
1,14308241,18295,18269,1966335,1743955,504814.0357,529934.8519,721707.6286,681955.6965,3.983718,379.501575,18,1743955,255504.3036,531426.6681,1914325,2006206.714,2092588,58688.2119,1512167,1637044.714,1743955,101425.8037
0,14997326,156,15,285161,323200,52400.95439,19276.76864,36710.79304,37890.57029,71.012659,312379.6869,4,285128,14095.2312,24019.24231,-1,0.0,-1,0.0,-1,0.0,-1,0.0
1,5149491,349,345182,4945871,4762964,1716486.333,2554073.0,2798568.399,3123843.61,1.359358,77.871774,32,4601070,858248.5,1838320.383,4946252,4946252.0,4946252,0.0,4601070,4601070.0,4601070,0.0
0,14980212,201,1,38792,41198,18357.47549,17060.88155,5316.038454,5965.723228,113.216021,15546.70922,-1,33134,8837.883186,6092.824024,-1,0.0,-1,0.0,-1,0.0,-1,0.0
1,14443890,959561,958575,961310,962440,960345.1333,960332.6,540.557301,1078.329548,2.21547,310.165752,38645,922451,465931.9355,448226.0451,-1,0.0,-1,0.0,-1,0.0,-1,0.0
1,287548,-1,-1,-1,-1,0.0,0.0,0.0,0.0,6.95536,347.768025,287548,287548,287548.0,0.0,-1,0.0,-1,0.0,-1,0.0,-1,0.0
0,14998835,15143,5557,25089,24764,19998.44667,19991.628,2673.987708,3232.638332,100.141111,11115.66332,5,24150,9992.561626,7198.221721,-1,0.0,-1,0.0,-1,0.0,-1,0.0
0,14998692,105,5934,96565,24384,20078.57028,20008.79973,5832.56756,3434.840946,99.875376,11086.16671,87,24140,10019.16633,4625.546729,-1,0.0,-1,0.0,-1,0.0,-1,0.0
1,10078155,10039369,10039404,10039369,10039404,10000000.0,10000000.0,0.0,0.0,0.396898,21.432494,38751,10000618,3359385.0,5751476.49,10039369,10000000.0,10039369,0.0,10000618,10000000.0,10000618,0.0
0,14982790,7,0,664286,693185,10166.95461,2411.131316,37157.04035,20130.78268,511.920677,580138.8126,0,664286,1953.682358,16797.71085,-1,0.0,-1,0.0,-1,0.0,-1,0.0
0,367980,3,3,85053,62682,20443.33333,17953.6,30147.4954,27303.90058,95.113865,75438.88255,3,60343,10822.94118,21814.43846,-1,0.0,-1,0.0,-1,0.0,-1,0.0
1,14442704,959260,958606,961329,962100,960227.7333,960243.7333,577.786907,1003.825893,2.215652,310.191222,39048,921631,465893.6774,447604.2932,-1,0.0,-1,0.0,-1,0.0,-1,0.0
1,14983088,40,26,32797,42167,18316.7335,17419.21047,4819.909531,6772.311061,112.126419,14920.88947,8,23389,8923.816557,6529.140685,-1,0.0,-1,0.0,-1,0.0,-1,0.0
1,10077306,10038810,10038895,10038810,10038895,10000000.0,10000000.0,0.0,0.0,0.396931,21.4343,38411,10000399,3359102.0,5751531.916,10038810,10000000.0,10038810,0.0,10000399,10000000.0,10000399,0.0
1,14806023,6,17,13868925,13933394,300039.2857,308458.8125,1979362.463,2008837.509,6.686468,2176.411586,6,13868925,151081.8673,1400264.506,13907582,13900000.0,13907582,0.0,13868925,13900000.0,13868925,0.0
1,10078835,10039759,10039898,10039759,10039898,10000000.0,10000000.0,0.0,0.0,0.396871,21.431048,38937,10000822,3359611.667,5751456.861,10039759,10000000.0,10039759,0.0,10000822,10000000.0,10000822,0.0
0,14997352,154,2,38717,42088,18322.91932,17042.00341,5247.968282,5940.421167,113.286666,15482.33315,2,22128,8832.36278,6045.882236,-1,0.0,-1,0.0,-1,0.0,-1,0.0
0,212468,58,6,111958,64515,31214.5,14389.69231,43845.8413,21565.16626,98.838413,55198.90054,6,64460,10623.4,18600.60133,-1,0.0,-1,0.0,-1,0.0,-1,0.0
0,14426595,960128,959978,963533,963141,961719.5333,961713.8,998.807529,932.006951,2.218126,248.43007,491,962015,465374.0323,487742.5716,-1,0.0,-1,0.0,-1,0.0,-1,0.0
1,14794299,27,18,5179970,5430347,268987.2545,231468.3175,896172.5042,875761.3342,8.111233,2987.569739,9,5179970,124321.8403,620636.709,3320456,4835448.0,6831920,1804567.011,1792378,3681165.333,5179970,1727139.181
1,10077849,10038886,10038851,10038886,10038851,10000000.0,10000000.0,0.0,0.0,0.39691,21.433145,38963,9999888,3359283.0,5750932.627,10038886,10000000.0,10038886,0.0,9999888,9999888.0,9999888,0.0
0,377746,110,1,93936,99499,37774.6,36021.625,46058.67006,48447.0211,52.94563,16452.85456,1,91028,19881.36842,37287.58861,-1,0.0,-1,0.0,-1,0.0,-1,0.0
1,14999605,63,209,22554,23334,19947.32091,19946.28325,1828.97533,1404.538539,100.335976,12706.80128,63,20102,9973.141622,4672.919684,-1,0.0,-1,0.0,-1,0.0,-1,0.0
0,14997141,272,3,36456,24599,19162.78389,19155.04092,4264.458618,3551.35184,104.419902,12078.30212,1,24201,9582.8377,6927.563518,-1,0.0,-1,0.0,-1,0.0,-1,0.0
0,12823806,40,6,5963181,5964255,220658.4138,130596.1735,907329.2058,697085.0842,12.320835,2363.728834,6,5938147,81680.29299,551439.0511,2660572,4246855.333,7343470,2682015.841,2526102,3686869.333,5938147,1949980.092
1,14997643,191,25,32284,41225,18222.4781,17398.65777,5107.717561,5823.952386,112.417665,14899.80792,1,22531,8900.678338,6392.46973,-1,0.0,-1,0.0,-1,0.0,-1,0.0
0,14999608,251,5951,63006,25060,19999.47733,20002.83845,4840.949879,3438.62451,100.069282,11107.69028,73,24168,9999.738667,5355.371432,-1,0.0,-1,0.0,-1,0.0,-1,0.0
0,14997747,143,3,37086,23985,19185.80026,19067.38041,4730.720089,3618.806053,104.615713,12152.75868,3,22477,9564.889668,6678.243293,-1,0.0,-1,0.0,-1,0.0,-1,0.0
1,9403530,16,21,8922398,8921561,1144561.25,1313732.714,3143530.576,3355966.154,1.807832,236.506929,7,8714997,587720.625,2169053.249,8922398,8922398.0,8922398,0.0,8714997,8714997.0,8714997,0.0
0,14998115,519,5957,35951,24218,20057.15395,20005.49132,4057.525334,3350.083241,99.879218,11086.59322,93,24025,10018.7809,5280.983939,-1,0.0,-1,0.0,-1,0.0,-1,0.0
0,57503,-1,-1,-1,-1,0.0,0.0,0.0,0.0,34.780794,2312.922804,57503,57503,57503.0,0.0,-1,0.0,-1,0.0,-1,0.0,-1,0.0
1,274205,274205,-1,274205,-1,274205.0,0.0,0.0,0.0,10.94072,3716.197735,985,273220,137102.5,192499.2146,-1,0.0,-1,0.0,-1,0.0,-1,0.0
1,14943624,0,20,1383419,1381379,224652.2923,226498.9077,320709.0277,329188.2877,8.833199,2434.215422,0,1140720,114073.4656,185911.0197,3413291,3533557.5,3653824,170082.5154,1016594,1078657.0,1140720,87770.33632
0,14424397,959151,958821,963453,963902,961582.0667,961552.6667,1119.87582,1474.628339,2.218464,248.467926,458,962839,465303.129,487656.8494,-1,0.0,-1,0.0,-1,0.0,-1,0.0
0,72973560,184,2,72728477,115688,7297356.0,21218.0,23000000.0,36478.3469,0.301479,108.381721,2,72728477,3474931.429,15900000.0,72973560,73000000.0,72973560,0.0,72728477,72700000.0,72728477,0.0
0,14426509,960845,960746,962932,963313,961724.5333,961731.1333,554.933763,700.996573,2.218139,248.431551,490,961568,465371.2581,487788.2208,-1,0.0,-1,0.0,-1,0.0,-1,0.0
1,14404562,959455,958102,961177,962657,960304.1333,960308.4286,538.385068,1048.253949,2.152096,301.848817,38388,922531,480152.0667,448967.0122,-1,0.0,-1,0.0,-1,0.0,-1,0.0
0,14276447,109,2,6888327,6888511,1189703.917,948339.6667,2251006.308,2051421.354,2.031318,761.253833,2,6888187,509873.1071,1552984.949,3233073,4741966.333,6994007,1987550.53,3123870,4635260.0,6888187,1988700.194
0,1097,145,890,398,890,271.5,890.0,178.895221,0.0,4557.885141,243391.0665,145,554,274.25,188.341666,-1,0.0,-1,0.0,-1,0.0,-1,0.0
1,14814309,20,42,1687702,1975031,462947.1563,686964.8095,519300.4015,586427.3601,3.712627,582.27488,18,1687702,274339.0556,346227.0197,3854311,7114892.0,10375473,4611157.871,1373765,1530733.5,1687702,221986.9816
1,14996310,48,20,44363,55807,17981.18705,17339.10185,7007.994741,6894.355698,113.36122,15058.03761,8,26139,8826.550912,5381.562976,-1,0.0,-1,0.0,-1,0.0,-1,0.0
1,38,38,-1,38,-1,38.0,0.0,0.0,0.0,52631.57895,2105263.158,38,38,38.0,0.0,-1,0.0,-1,0.0,-1,0.0,-1,0.0
0,14987099,1982,5893,68110,24178,20020.51872,20008.14553,4238.559508,3376.179611,100.019357,11102.14859,51,24141,10004.73899,5279.114481,-1,0.0,-1,0.0,-1,0.0,-1,0.0
1,10078509,10039003,10039645,10039003,10039645,10000000.0,10000000.0,0.0,0.0,0.396884,21.431742,38864,10000139,3359503.0,5750959.482,10039003,10000000.0,10039003,0.0,10000139,10000000.0,10000139,0.0
1,12094325,-1,3918,-1,9147556,0.0,241886.5,0.0,1291861.916,4.299537,2270.320998,621,9147556,237143.6275,1279324.919,10654557,10700000.0,10654557,0.0,9147556,9147556.0,9147556,0.0
0,486984,555,2,196834,174801,69569.14286,41956.44444,70430.14915,62863.46288,36.9622,17355.80635,2,174801,28646.11765,51005.66317,-1,0.0,-1,0.0,-1,0.0,-1,0.0
1,5653074,6,14,5489294,5489309,434851.8462,464446.9167,1518851.737,1582468.394,4.776162,862.362672,6,5489260,217425.9231,1075380.018,5489294,5489294.0,5489294,0.0,5489260,5489260.0,5489260,0.0
1,2122599,337335,336562,909632,910513,596198.0,595131.0,290024.9292,291162.7128,3.768964,243.098202,129,573199,303228.4286,172676.8067,-1,0.0,-1,0.0,-1,0.0,-1,0.0
1,14619248,36,0,2689771,2690287,105934.6232,101881.5874,386031.4127,381614.2825,19.358041,3901.226657,0,2689771,51841.30497,272805.9497,2220444,4286005.667,7689596,2969957.312,1918538,2392244.333,2689771,414704.1612
1,14992516,315,114,28187,23071,19875.11936,19866.22546,1991.138612,1743.552723,100.716918,11807.49115,114,18399,9935.398277,3622.479761,-1,0.0,-1,0.0,-1,0.0,-1,0.0
0,4117775,15,62,3888633,3702961,514718.875,685624.3333,1364222.723,1479931.324,3.885594,1125.850732,15,3702961,274518.3333,949598.9538,3902536,3902536.0,3902536,0.0,3702961,3702961.0,3702961,0.0
0,14991707,15585,98,25648,67318,20000.40855,20013.85047,2770.561107,5579.191807,100.055317,11106.14022,9,23947,10001.13876,7086.117547,-1,0.0,-1,0.0,-1,0.0,-1,0.0
1,14999325,42,42,34048,40016,17856.33929,17399.25436,6333.109564,5916.63976,113.538443,15063.47786,7,21767,8812.764395,3744.60248,-1,0.0,-1,0.0,-1,0.0,-1,0.0
0,14995023,92,2,38440,31082,18413.43735,17105.7911,5118.420221,5884.351916,112.837439,15326.68539,2,21443,8867.547605,4917.641585,-1,0.0,-1,0.0,-1,0.0,-1,0.0
1,13427341,1017,88,1040278,709712,353350.4737,274026.4898,303267.7718,222900.1141,6.628267,597.73562,22,709712,152583.4205,183867.1373,-1,0.0,-1,0.0,-1,0.0,-1,0.0
0,1762,95,-1,1667,-1,881.0,0.0,1111.57141,0.0,1702.61067,85698.07038,95,1667,881.0,1111.57141,-1,0.0,-1,0.0,-1,0.0,-1,0.0
0,11047952,2,4,4830812,4830932,244950.5778,180702.6393,801516.4437,694483.2443,9.775567,2222.855422,2,4805824,103251.8879,525708.7461,1275275,3309488.667,6220913,2586881.853,1118025,2737893.0,4805824,1884286.524
0,12693894,2,6,124663,124647,5982.032988,9809.76507,16705.59457,18908.22929,269.263317,295895.7275,1,124611,3714.923617,12499.24626,-1,0.0,-1,0.0,-1,0.0,-1,0.0
0,14999650,17,62,44462,209725,17605.22301,49336.61716,6317.462787,32569.29703,77.135133,11391.99915,17,41725,12975.47578,7314.371845,-1,0.0,-1,0.0,-1,0.0,-1,0.0
0,913146,1096,168,363269,275100,78704.63636,66633.23077,97206.3207,70485.38758,28.472993,4573.200781,83,275100,36525.84,57669.84719,-1,0.0,-1,0.0,-1,0.0,-1,0.0
0,14984206,407,6,9549912,9549955,919193.3125,439944.5294,2545830.043,1773471.707,3.470321,476.701935,6,9524889,293807.9608,1451016.422,4598270,7299786.5,10001303,3820521.273,4334648,6929768.5,9524889,3670054.607
0,14990594,90,146,29713,26176,19921.24069,19899.29881,1240.512877,2058.337413,100.529705,13114.69045,90,20269,9953.913679,2928.329081,-1,0.0,-1,0.0,-1,0.0,-1,0.0
1,2411828,29,1707,243211,422093,118684.1,219250.1818,82929.99642,164612.7677,13.682568,1306.477908,29,243211,75369.625,83059.27752,-1,0.0,-1,0.0,-1,0.0,-1,0.0
0,14992511,5676,15573,24286,24435,20003.21362,19995.69426,3204.813764,2695.926839,100.049952,11105.54463,1,23022,10001.67512,5611.980969,-1,0.0,-1,0.0,-1,0.0,-1,0.0
0,12841945,2838596,2837790,4992716,5010899,3915656.0,4280648.333,1523192.859,1249583.109,0.545089,127.472902,24496,4986137,2140324.167,2448374.172,2838596,4272483.0,4992716,1241786.925,2813294,4255795.0,4986137,1249275.593
0,10031096,600,367,10000595,53072,2006219.2,22455.0,4468997.431,27368.0861,0.9969,122.917775,16,9948231,1114566.222,3312667.711,10031096,10000000.0,10031096,0.0,9948231,9948231.0,9948231,0.0
1,14998377,19,16,41551,40820,17686.76533,17302.45612,5512.323997,6122.632043,114.412379,15411.5342,-1,22071,8745.409329,6622.449808,-1,0.0,-1,0.0,-1,0.0,-1,0.0
1,4536493,8561,-1,3562847,-1,1449235.333,0.0,1870259.536,0.0,1.102173,208.310693,8561,3562847,1134123.25,1651997.676,4347706,4347706.0,4347706,0.0,3562847,3562847.0,3562847,0.0
1,9372877,49,20,724236,1557468,67331.0,132818.7391,185717.2811,308931.9142,10.135629,4211.193639,20,1557468,99711.45745,245957.8255,9165262,9165262.0,9165262,0.0,1557468,1557468.0,1557468,0.0
1,10401316,6,17,9184951,9249877,223839.587,231140.3556,1353498.934,1377449.223,8.941176,2865.310505,6,9184951,113057.7826,957839.6511,9224440,9224440.0,9224440,0.0,9184951,9184951.0,9184951,0.0
0,14999176,4873,5891,34899,25064,19998.90133,20005.58824,4554.926001,3458.103671,100.005494,11100.60979,89,24350,10006.12141,6362.799326,-1,0.0,-1,0.0,-1,0.0,-1,0.0
1,14297316,31,299,1595783,1612015,471579.9667,471561.1667,433999.737,435965.7464,4.336478,837.779622,15,1444671,234382.2295,304219.428,4468443,5338588.0,6208733,1230570.86,1073880,1259275.5,1444671,262188.8305
0,14980815,15716,1400,25596,33937,20001.08812,19983.72897,2769.325216,4393.112718,100.128064,11114.21508,17,24034,9993.872582,7098.342463,-1,0.0,-1,0.0,-1,0.0,-1,0.0
1,14492910,31471,31470,1785450,1959486,467513.2258,530327.7778,650894.7336,776044.305,4.139955,384.256854,17,1785450,245642.5424,520735.006,2004327,2006942.0,2010811,2048.614776,1558940,1637878.0,1785450,101258.4643
0,14996160,350,5,180353,41055,47079.71698,17479.014,28642.50907,5909.493143,78.486759,12308.88441,5,41055,12751.83674,7191.636518,-1,0.0,-1,0.0,-1,0.0,-1,0.0
0,379732,6,0,33361,33325,830.880841,552.288372,4143.475086,3399.127396,2830.943929,2420873.142,0,33306,353.56797,2681.518382,-1,0.0,-1,0.0,-1,0.0,-1,0.0
0,6114915,107,1,3901273,3901894,509554.3333,382165.9375,1195987.074,1049494.913,4.906037,1631.257344,1,3901009,210859.1379,791863.9322,2005930,3004192.0,4002454,1411755.659,1896469,2898739.0,3901009,1417423.827
1,906932,28,45,215022,256798,54196.25,77411.33333,95398.03483,116286.7357,25.360225,6820.798031,8,256577,41224.18182,88196.05658,-1,0.0,-1,0.0,-1,0.0,-1,0.0
1,14776437,17,10,12193969,12257196,350315.6905,268662.4909,1876657.97,1650325.811,6.699856,1199.680275,10,12193969,150779.9694,1231922.624,12231814,12200000.0,12231814,0.0,12193969,12200000.0,12193969,0.0
1,1396246,47,19,592878,554275,57927.04762,51712.81482,134967.5886,118830.8148,35.810308,8451.232806,18,414921,28494.81633,74936.46329,-1,0.0,-1,0.0,-1,0.0,-1,0.0
0,14983341,15553,5406,24662,38168,19998.51535,20017.44118,2764.876643,4250.34807,100.044443,11104.93314,18,23858,10002.23031,5889.503676,-1,0.0,-1,0.0,-1,0.0,-1,0.0
1,2594400,19,3722,423694,355602,127728.3,235848.1818,104331.4458,148723.5802,12.719704,1228.415048,19,282711,81075.0,87553.10757,-1,0.0,-1,0.0,-1,0.0,-1,0.0
0,14999727,5677,15710,25143,24689,20002.2777,19997.63017,3118.383395,2753.583894,100.00182,11100.20202,0,23054,10006.48899,7360.77005,-1,0.0,-1,0.0,-1,0.0,-1,0.0
1,16,-1,-1,-1,-1,0.0,0.0,0.0,0.0,125000.0,5750000.0,16,16,16.0,0.0,-1,0.0,-1,0.0,-1,0.0,-1,0.0
1,13907657,0,21,4193355,4222521,320413.6047,212084.2,708010.8151,591025.3723,7.909312,1140.09139,0,4070083,127593.1835,439575.5191,4568515,4949180.0,5329845,538341.6057,1342414,2706248.5,4070083,1928753.247
0,206355,5,2,31392,52267,3691.108108,3652.791667,8255.808603,10089.24105,421.603547,336531.7051,1,52267,2399.476744,7984.320407,-1,0.0,-1,0.0,-1,0.0,-1,0.0
1,14442540,959297,959024,960970,961857,960246.4,960224.9333,492.014416,731.100439,2.215677,310.194744,38421,922549,465888.3871,448339.8532,-1,0.0,-1,0.0,-1,0.0,-1,0.0
1,10421237,526,23,10001591,261476,2084247.4,157612.3333,4427160.149,138759.696,0.959579,119.083752,10,9740651,1157915.222,3220423.528,10421237,10400000.0,10421237,0.0,9740651,9740651.0,9740651,0.0
1,14993725,87,17,47283,42686,18372.23529,17299.20208,4896.413058,6272.291148,112.313651,15329.21272,17,23175,8908.92751,4619.114224,-1,0.0,-1,0.0,-1,0.0,-1,0.0
0,9368711,16,4,1564818,1549373,190205.2857,203290.4565,389822.3919,370323.7198,10.353612,4802.688438,4,1523088,97590.73958,267600.1984,1871488,1983656.333,2195089,183219.6979,1234883,1420565.0,1523088,161096.5393
1,14843975,204,6,316070,504251,124739.2857,11945.67813,93223.22065,51363.9343,90.407051,112380.4102,6,242375,11069.33259,37542.22665,-1,0.0,-1,0.0,-1,0.0,-1,0.0
0,14999745,37,89,21257,25302,19788.58179,19744.60686,1871.231364,2421.68871,101.20172,13362.09382,3,20302,9887.768622,7526.268011,-1,0.0,-1,0.0,-1,0.0,-1,0.0
1,120521,52,49,54011,65455,13840.75,15844.0,26785.99724,26731.67216,99.56771,15076.21079,49,65158,10956.45455,20891.825,-1,0.0,-1,0.0,-1,0.0,-1,0.0
0,14989836,106,5,37602,24299,19144.10728,19129.30268,4643.583348,3582.796683,104.604213,12199.79992,5,22744,9565.945118,6954.131449,-1,0.0,-1,0.0,-1,0.0,-1,0.0
0,14994850,5630,15736,25435,25831,19993.13333,19998.68758,3175.665014,2711.847195,100.101035,11111.21485,41,22237,9996.566667,4294.689584,-1,0.0,-1,0.0,-1,0.0,-1,0.0
1,10879274,1,8,8942494,9004559,147608.0,151101.0278,1045136.55,1059160.006,13.511931,4957.959511,1,8942494,74515.57534,739781.8305,8979227,8979227.0,8979227,0.0,8942494,8942494.0,8942494,0.0
0,14973058,1,27,100243,96013,2725.803497,2781.490619,12878.28517,12317.46666,726.371326,522773.7714,-1,95646,1376.83292,8706.212703,-1,0.0,-1,0.0,-1,0.0,-1,0.0
1,159923,-1,-1,-1,-1,0.0,0.0,0.0,0.0,12.506019,625.300926,159923,159923,159923.0,0.0,-1,0.0,-1,0.0,-1,0.0,-1,0.0
0,14981027,4,2,202547,159856,2964.776568,3373.331457,10685.53582,10771.56023,633.868426,1552163.079,0,159856,1577.780621,7484.774257,-1,0.0,-1,0.0,-1,0.0,-1,0.0
1,8927421,8,12,5290441,5352609,184697.9375,139490.9531,783826.8266,688572.5215,12.769645,2298.312133,8,5290441,79003.72566,514459.2542,1770492,3548804.5,5327117,2514913.656,1110496,3200468.5,5290441,2955667.454
1,314240,-1,-1,-1,-1,0.0,0.0,0.0,0.0,6.364562,318.228106,314240,314240,314240.0,0.0,-1,0.0,-1,0.0,-1,0.0,-1,0.0
0,166287,586,5,51664,29457,23755.28571,18866.5,17797.25525,14352.37107,90.205488,46082.97702,5,26936,11877.64286,13051.7222,-1,0.0,-1,0.0,-1,0.0,-1,0.0
1,569556,423,45,137230,137679,68221.85714,73215.0,57028.04997,67105.80017,26.336304,3232.342386,25,137160,40682.57143,51318.98367,-1,0.0,-1,0.0,-1,0.0,-1,0.0
0,13630495,8,8,189016,121310,6639.305894,10740.16574,17520.51138,18913.17215,242.837843,270133.4031,1,151504,4119.218797,12687.41478,-1,0.0,-1,0.0,-1,0.0,-1,0.0
0,14980074,85,17,26182,121858,18425.67528,40161.00538,4502.153343,25203.65697,79.238594,11846.87072,4,26182,12630.75379,7247.809608,-1,0.0,-1,0.0,-1,0.0,-1,0.0
0,546954,26,33,144706,184093,23780.6087,18842.66667,36645.49742,39942.74226,95.07198,144790.9696,5,144706,10724.58824,25868.90658,-1,0.0,-1,0.0,-1,0.0,-1,0.0
0,14981734,59,104,33469,24927,19154.72762,19158.22762,3417.617389,3715.115703,104.527286,12345.43345,7,21606,9572.992971,8283.022907,-1,0.0,-1,0.0,-1,0.0,-1,0.0
1,1002699,3695,144192,358312,178787,250674.75,164884.2,165626.5664,18503.31454,10.970391,803.830462,24,178787,100269.9,79091.87726,-1,0.0,-1,0.0,-1,0.0,-1,0.0
1,601404954,12,14,406429,600109667,15796.34146,5836748.757,64079.4738,59100000.0,0.310939,235.323968,2,600109654,3233359.968,44000000.0,601404954,601000000.0,601404954,0.0,600109654,600000000.0,600109654,0.0
1,14983464,46,7,299970,454810,109358.1314,13925.15242,71368.21283,50511.54112,81.089393,98234.69393,7,215320,12342.22735,34561.93124,-1,0.0,-1,0.0,-1,0.0,-1,0.0
0,6116235,104,2,4906234,4906032,436860.1429,339781.5556,1296066.23,1148595.654,5.558975,1880.732182,2,4905828,185340.4545,854571.3148,5007062,5007062.0,5007062,0.0,4905828,4905828.0,4905828,0.0
1,10076870,10038072,10038435,10038072,10038435,10000000.0,10000000.0,0.0,0.0,0.396949,21.435227,38435,9999637,3358956.667,5750997.87,10038072,10000000.0,10038072,0.0,9999637,9999637.0,9999637,0.0
0,14424541,960315,959895,963542,964174,961483.8667,961601.0,829.446921,1148.837953,2.218441,248.465445,443,963066,465307.7742,487722.5128,-1,0.0,-1,0.0,-1,0.0,-1,0.0
0,14422317,960765,957255,963476,965615,961449.0667,961445.3333,843.945493,1860.047049,2.218784,248.50376,494,962775,465236.0323,487447.2115,-1,0.0,-1,0.0,-1,0.0,-1,0.0
1,26,26,-1,26,-1,26.0,0.0,0.0,0.0,76923.07692,5192307.692,26,26,26.0,0.0,-1,0.0,-1,0.0,-1,0.0,-1,0.0
1,14971907,15,6,252001,388944,56629.72137,5736.77156,68094.93599,29564.40343,191.892723,238052.7744,2,214663,5213.05954,22912.20054,-1,0.0,-1,0.0,-1,0.0,-1,0.0
1,14995875,2757,140,27680,24379,19912.18725,19947.63649,1836.759188,1479.679488,100.427618,10973.61775,5,20541,9964.036545,7161.935493,-1,0.0,-1,0.0,-1,0.0,-1,0.0
1,11544,27,-1,11517,-1,5772.0,0.0,8124.656854,0.0,259.87526,16198.8912,27,11517,5772.0,8124.656854,-1,0.0,-1,0.0,-1,0.0,-1,0.0
1,59,-1,-1,-1,-1,0.0,0.0,0.0,0.0,33898.30509,9593220.339,59,59,59.0,0.0,-1,0.0,-1,0.0,-1,0.0,-1,0.0
0,14965583,58,15791,77372,484122,30172.54637,329006.1364,11946.9522,170335.398,36.216431,7922.711731,58,77372,27662.81516,13674.87199,-1,0.0,-1,0.0,-1,0.0,-1,0.0
0,0,-1,-1,-1,-1,0.0,0.0,0.0,0.0,0.0,0.0,-1,-1,0.0,0.0,-1,0.0,-1,0.0,-1,0.0,-1,0.0
1,14995432,20,38,2455714,2400392,223127.4091,405281.9459,387871.961,446954.5259,7.002132,1841.627504,20,2160262,144186.8462,258737.8534,8409943,8409943.0,8409943,0.0,2160262,2160262.0,2160262,0.0
1,31351941,5,8,271745,30369238,1608.368249,25945.8675,14349.42655,876694.0918,57.827361,53005.42636,2,30369228,17302.3957,713462.0679,31351941,31400000.0,31351941,0.0,30369228,30400000.0,30369228,0.0
0,567560,3,3,109545,96060,165.324789,136.286039,1945.030703,1590.205551,13031.22137,29400000.0,0,96060,76.749155,1181.876071,-1,0.0,-1,0.0,-1,0.0,-1,0.0
1,213152,-1,213152,-1,213152,0.0,213152.0,0.0,0.0,14.074463,4780.626032,985,212167,106576.0,149328.2243,-1,0.0,-1,0.0,-1,0.0,-1,0.0
1,13148946,13,15,9925060,9925444,328093.55,279222.4681,1597935.703,1475808.205,6.768603,1914.67818,7,9899905,149419.8409,1078773.725,2346498,6173203.0,9999908,5411778.11,2237190,6068547.5,9899905,5418357.739
0,3357,16,432,1902,2323,727.25,1067.0,895.631946,1087.750201,2680.965147,296097.7063,16,1746,419.625,574.66498,-1,0.0,-1,0.0,-1,0.0,-1,0.0
1,341170,60,23,155728,129992,35111.55556,24285.0,67734.80166,47292.62146,70.346162,12339.88921,23,129992,14833.47826,36844.00484,-1,0.0,-1,0.0,-1,0.0,-1,0.0
0,0,-1,-1,-1,-1,0.0,0.0,0.0,0.0,0.0,0.0,-1,-1,0.0,0.0,-1,0.0,-1,0.0,-1,0.0,-1,0.0
1,152174,-1,-1,-1,-1,0.0,0.0,0.0,0.0,13.14285,643.999632,152174,152174,152174.0,0.0,-1,0.0,-1,0.0,-1,0.0,-1,0.0
0,2482644,1364,49,913671,865723,243531.1,135309.6111,321071.1863,233167.9376,12.083891,1746.122279,49,865723,85608.41379,192825.3045,-1,0.0,-1,0.0,-1,0.0,-1,0.0
0,14994698,102,3,36678,23619,19101.52612,19109.06633,4757.985125,3623.546255,104.770366,12120.88433,1,22706,9550.763057,6395.427153,-1,0.0,-1,0.0,-1,0.0,-1,0.0
1,14808830,3,17,14414871,14415223,739181.6,642743.913,3219442.923,3002660.188,3.038728,1421.989448,3,14389750,336564.3182,2168143.904,14557169,14600000.0,14557169,0.0,14389750,14400000.0,14389750,0.0
0,14991758,1237,553,37319,25149,19133.84802,19157.86573,4719.405498,3366.695693,104.524099,12134.26738,23,21795,9573.280971,5419.883794,-1,0.0,-1,0.0,-1,0.0,-1,0.0
1,13503611,8,29,7484712,7485195,189273.9014,179707.72,970149.4497,941746.2066,10.960031,3473.663452,8,7459499,91861.29932,673248.0643,1933488,4417942.667,8093744,3248333.212,1694397,4041093.333,7459499,3028286.799
1,7064138,196,278852,6865624,6745506,2354691.667,3512179.0,3907836.963,4572614.895,0.990921,56.765595,63,6587031,1177356.333,2652405.725,6865883,6865883.0,6865883,0.0,6587031,6587031.0,6587031,0.0
0,14424839,959798,959886,962795,963041,961618.7333,961542.8667,856.741832,1029.361964,2.218396,248.460312,533,962093,465317.3871,487735.9188,-1,0.0,-1,0.0,-1,0.0,-1,0.0
0,12843128,10031190,2811672,10031190,7203614,10000000.0,5007643.0,0.0,3105571.971,0.389313,15.338942,266,7203348,3210782.0,2975115.017,2811672,4281042.667,7203614,2531033.932,2811672,4280954.0,7203348,2530880.358
1,2935001,2934028,2935001,2934028,2935001,2934028.0,2935001.0,0.0,0.0,1.362862,72.231662,53,2934028,978333.6667,1693681.03,2934081,2934081.0,2934081,0.0,2934028,2934028.0,2934028,0.0
1,8254587,135,30,7257644,8044697,375048.0,1006096.0,1543829.633,2844024.433,3.876632,734.985288,30,7051825,266277.0,1265508.417,7257644,7257644.0,7257644,0.0,7051825,7051825.0,7051825,0.0
1,14999713,2475,64,26748,25495,19886.39257,19892.88859,2030.109583,1656.509603,100.668593,11959.29549,7,22264,9940.167661,7069.328651,-1,0.0,-1,0.0,-1,0.0,-1,0.0
0,14992926,15336,5674,25787,24281,19994.80107,19990.568,2714.401792,3220.330015,100.11388,11112.64072,26,23217,9995.284,5838.536801,-1,0.0,-1,0.0,-1,0.0,-1,0.0
1,14377010,23077,23100,1857494,1677649,545973.4615,479233.6667,753610.8237,625039.1097,4.034219,362.731889,19,1677649,252228.2456,506630.4839,2005549,2007045.286,2009050,1291.891406,1465339,1577780.0,1677649,102652.2597
0,14985416,114,529,40417,24858,19137.65262,19204.74872,4391.876096,3477.693445,104.434872,12000.26746,18,21766,9581.468031,4633.470252,-1,0.0,-1,0.0,-1,0.0,-1,0.0
1,14958053,40,7,255970,306441,86017.48837,15057.8156,65961.1315,46275.67261,77.617054,90451.34417,3,216913,12894.87328,32803.03324,-1,0.0,-1,0.0,-1,0.0,-1,0.0
0,14982982,152,280,38939,26323,19116.15964,19156.5601,4544.74699,3436.439816,104.585322,12102.59747,24,23226,9567.676884,5781.071765,-1,0.0,-1,0.0,-1,0.0,-1,0.0
0,14998741,74,2,36869,39142,18411.31573,16927.56158,5288.92778,5922.427465,113.409519,15509.10173,2,21422,8822.788824,5216.783812,-1,0.0,-1,0.0,-1,0.0,-1,0.0
0,14981255,5925,5943,45057,25412,20001.67557,19988.27236,3925.284993,3447.39656,100.125123,11113.88866,91,24036,9994.166111,4956.311628,-1,0.0,-1,0.0,-1,0.0,-1,0.0
0,56467,47,0,31593,25662,11290.6,2012.0,15429.44763,6481.003806,407.317548,316839.9242,0,25533,2566.681818,7343.788991,-1,0.0,-1,0.0,-1,0.0,-1,0.0
1,11155374,409,238942,4011838,4053405,858105.6923,1366814.25,1242881.948,1424175.306,2.061787,293.221904,19,4011818,507062.4545,1032619.477,2823271,3718451.333,5490238,1534440.368,2305669,2878340.667,4011818,981638.0949
1,14441183,959514,959290,960983,960787,960123.1333,960124.5333,354.276802,361.598705,2.215885,310.223892,39200,921048,465844.6129,447448.9612,-1,0.0,-1,0.0,-1,0.0,-1,0.0
0,12597914,4,4,3679275,3637773,15407.02822,17545.84123,212912.4769,224010.5363,121.845569,246394.6015,1,3637773,8212.460235,153447.7971,3372988,4006479.0,4639411,633211.6851,3080277,3448681.333,3637773,319084.9759
0,11556472,6,4,9525231,9523409,339158.7941,261917.9318,1629267.225,1433987.171,6.922528,1676.895855,4,9498252,146284.4557,1069455.224,9940772,9940772.0,9940772,0.0,9498252,9498252.0,9498252,0.0
1,167182,23,28,140568,115052,28372.6,20230.57143,62719.98969,42861.30052,83.741073,22921.12787,23,115052,12860.15385,32101.88868,-1,0.0,-1,0.0,-1,0.0,-1,0.0
1,14992712,2813,7200,22818,31702,19888.97875,19894.07171,1768.860481,1749.910466,100.582203,11479.77764,2,20322,9948.714001,5549.371283,-1,0.0,-1,0.0,-1,0.0,-1,0.0
1,2465039,20,4154,253451,395557,121192.2,224084.9091,85041.51538,160371.7457,13.387212,1276.653229,20,253451,77032.46875,83165.43458,-1,0.0,-1,0.0,-1,0.0,-1,0.0
0,14987565,15679,82,24534,108451,20002.56475,20010.10013,2729.541481,7109.704143,100.082969,11109.20954,5,24280,9998.375584,7264.354065,-1,0.0,-1,0.0,-1,0.0,-1,0.0
0,14424376,956202,956090,966674,966708,961591.4,961587.3333,2133.874588,2209.976023,2.218467,248.468287,420,965973,465302.4516,487745.4211,-1,0.0,-1,0.0,-1,0.0,-1,0.0
0,109907414,551,2,109859881,24303,27500000.0,8350.0,54900000.0,13820.69711,0.081887,18.433697,2,109859881,13700000.0,38800000.0,109907414,110000000.0,109907414,0.0,109859881,110000000.0,109859881,0.0
1,14438564,4209,4202,1792873,1611746,528075.1111,465760.129,694760.8465,575017.7533,4.155538,384.733551,15,1611746,244721.4237,469682.4309,2005661,2006797.143,2007565,754.075577,1394465,1487897.143,1611746,109760.4528
0,14995385,70,24,22349,151992,17980.07794,43567.30904,4849.792384,28057.37552,78.62419,11934.87196,18,22349,12729.52886,7588.399474,-1,0.0,-1,0.0,-1,0.0,-1,0.0
0,14821505,3,6,357492,319094,26191.14539,59049.82072,66090.91222,74465.6362,55.122607,217319.0914,0,319053,18163.60907,47669.51986,-1,0.0,-1,0.0,-1,0.0,-1,0.0
0,14755907,128473,128670,9293270,9076235,4918635.667,4846294.667,4596506.702,4493674.094,0.542156,50.217177,49913,9076235,2107986.714,3633996.991,5333979,7288662.0,9243345,2764339.209,5284054,7180144.5,9076235,2681476.901
1,14441671,959294,958067,961158,962138,960175.2,960182.4,597.564067,1307.653039,2.21581,310.21341,38451,922358,465860.3548,448098.3405,-1,0.0,-1,0.0,-1,0.0,-1,0.0
0,11109009,99,1,5892615,5893352,793457.9286,617146.5,1794606.309,1605731.419,3.060579,1471.508395,1,5892138,336636.6364,1211014.183,3998003,5499634.0,7001265,2123626.926,3884301,4888219.5,5892138,1419755.158
0,14997687,26,57,25596,31327,19129.44572,19129.70281,3900.171562,3774.644066,104.616132,12263.09097,26,23926,9564.851403,6143.687036,-1,0.0,-1,0.0,-1,0.0,-1,0.0
0,14998553,5661,15633,24859,25054,20002.43391,20003.02403,3195.117422,2716.615323,100.009648,11101.07088,5,23019,10005.7058,7005.602268,-1,0.0,-1,0.0,-1,0.0,-1,0.0
1,14991745,25,25,7752668,7488457,555248.6667,468489.2813,1779198.286,1577836.261,4.068906,1611.553558,8,7488457,249862.4167,1167533.512,5561409,7379789.0,9198169,2571577.658,5257402,6372929.5,7488457,1577594.12
1,210167,-1,210167,-1,210167,0.0,210167.0,0.0,0.0,14.274363,4848.52522,3606,206561,105083.5,143510.8568,-1,0.0,-1,0.0,-1,0.0,-1,0.0
0,14988979,4990856,4996596,5002435,5003146,4996326.333,4999871.0,5815.832858,4631.549309,0.46701,135.032546,24401,4977126,2498163.167,2708950.79,4990856,4996326.333,5002435,5815.832858,4964836,4971083.0,4977126,6147.53906
1,14965943,20,1573,7489346,7279344,650693.1739,1083094.538,1534087.91,1905535.774,2.539098,430.310339,20,7037051,404484.9459,1143633.999,1386932,4954974.0,8523016,5045973.388,1144597,4090824.0,7037051,4166594.181
1,273922,273922,-1,273922,-1,273922.0,0.0,0.0,0.0,10.952023,3720.037091,1497,272425,136961.0,191575.026,-1,0.0,-1,0.0,-1,0.0,-1,0.0
0,14426578,960399,960067,965994,966115,961726.7333,961734.6,1331.765153,1432.535829,2.218128,248.430362,559,965435,465373.4839,487816.3088,-1,0.0,-1,0.0,-1,0.0,-1,0.0
0,14424722,960548,960703,962785,962977,961602.5333,961593.9333,638.211045,716.303903,2.218414,248.462327,484,961519,465313.6129,487593.4715,-1,0.0,-1,0.0,-1,0.0,-1,0.0
1,14443500,959606,955188,961885,963710,960284.6,960275.2667,581.207032,1735.47445,2.215529,310.174127,39120,922568,465919.3548,447388.7105,-1,0.0,-1,0.0,-1,0.0,-1,0.0
0,14986053,146,2,37819,37145,19114.86352,19178.79513,4983.79626,3651.962378,104.56389,12202.07883,2,37011,9569.637931,6446.776169,-1,0.0,-1,0.0,-1,0.0,-1,0.0
1,274135,274135,-1,274135,-1,274135.0,0.0,0.0,0.0,10.943513,3717.146661,1519,272616,137067.5,191694.5271,-1,0.0,-1,0.0,-1,0.0,-1,0.0
1,20375518,196,22,19951556,246232,4075103.6,152557.3333,8875836.818,133241.4147,0.490785,60.906427,8,19705598,2263946.444,6541517.976,20375518,20400000.0,20375518,0.0,19705598,19700000.0,19705598,0.0
1,14948930,9299,29509,2329073,2329103,373723.25,390661.9474,497793.1798,485214.2986,5.351554,561.244183,21,2328991,189226.962,351963.5475,2655569,3743141.667,5816329,1796156.493,1034163,1515303.667,2328991,708579.8131
0,12339376,6,2,3556441,3594357,13544.86937,11828.24231,201407.0569,190571.4817,158.273806,343564.861,2,3556441,6321.401639,137716.6582,3796019,4001887.667,4207019,205500.9921,3459218,3512157.333,3556441,49186.05855
1,124499,-1,27,-1,51,0.0,39.0,0.0,16.941074,32.128772,2522.108611,27,124421,41499.66667,71811.98218,-1,0.0,-1,0.0,-1,0.0,-1,0.0
1,14997435,1207,5073,29102,28553,19902.20717,19890.49735,1852.942793,1586.394262,100.617206,12155.61194,267,19891,9945.248674,3505.848704,-1,0.0,-1,0.0,-1,0.0,-1,0.0
0,14430013,960806,960806,964865,965019,961938.8667,961949.4,1246.933975,1350.900245,2.2176,248.371225,489,964330,465484.2903,488008.4762,-1,0.0,-1,0.0,-1,0.0,-1,0.0
1,14993223,8,16,29343,47710,17603.36428,17511.48949,5349.851287,7305.355493,113.984832,15085.2155,8,22869,8778.233607,5201.084895,-1,0.0,-1,0.0,-1,0.0,-1,0.0
0,0,-1,-1,-1,-1,0.0,0.0,0.0,0.0,0.0,0.0,-1,-1,0.0,0.0,-1,0.0,-1,0.0,-1,0.0,-1,0.0
0,14987471,85,2,38785,28954,18314.25061,17108.98516,5371.188917,5803.07206,113.161186,15535.04257,2,23714,8842.165782,6172.583538,-1,0.0,-1,0.0,-1,0.0,-1,0.0
0,14982236,105,2,9890324,9891172,881298.1176,713394.8095,2410455.505,2187988.959,2.669828,1124.465,2,9890048,384159.8974,1625307.5,3969398,7490978.0,11012558,4980266.197,2612721,6251384.5,9890048,5145847.271
1,14443503,959596,959402,961931,961523,960335.6,960289.7333,559.436234,560.349249,2.215529,310.174062,38352,923009,465919.4516,448591.0225,-1,0.0,-1,0.0,-1,0.0,-1,0.0
1,14444042,959222,958953,961291,961735,960330.5333,960371.0,494.258372,773.072211,2.215446,310.162488,38477,922395,465936.8387,448272.2204,-1,0.0,-1,0.0,-1,0.0,-1,0.0
0,12787541,38,1450,10170705,10157550,399012.6875,710365.1111,1784035.915,2358941.194,4.066458,287.389108,19,10156111,250736.098,1415982.472,11348880,11300000.0,11348880,0.0,10156111,10200000.0,10156111,0.0
1,14996745,180,1498,28365,23714,19863.23841,19864.88329,2063.191129,1664.479979,100.755197,12731.89616,10,20786,9931.619205,5291.757295,-1,0.0,-1,0.0,-1,0.0,-1,0.0
0,11608181,14,2,4863059,4925600,230120.36,168234.5072,908069.4492,782716.4011,10.423683,1802.177275,2,4863059,96734.84167,591175.3102,4843213,4871608.0,4900003,40156.59409,4279957,4571508.0,4863059,412315.3783
0,14974686,3,3,89415,83724,2267.516354,2684.111131,8115.678621,8646.258822,813.706544,1686898.744,0,80051,1229.045141,5962.651645,-1,0.0,-1,0.0,-1,0.0,-1,0.0
0,14786927,33,49,2789537,3007479,1232239.083,1999554.667,1225671.776,1266044.822,1.352546,625.146794,12,2789537,778259.3158,1136216.583,2768176,2957385.4,3016825,106008.455,1762728,2571923.8,2789537,452441.3628
0,11132626,94,2,5900869,5901316,695779.5,556618.5,1634593.025,1474804.146,3.413391,1672.112222,2,5900610,300881.7838,1107048.726,3522698,5503859.5,7485021,2801785.463,3411473,4656041.5,5900610,1760085.652
0,160037,41,0,31982,23961,2472.57377,915.425676,6376.365522,3436.154488,1318.44511,1272880.646,0,24554,762.080952,3299.946967,-1,0.0,-1,0.0,-1,0.0,-1,0.0
0,14012000,452,1038,8024631,8029033,2001714.286,4655390.333,3453705.569,4164413.388,0.856409,117.18527,47,8024389,1273818.182,2859402.556,5939135,6985330.0,8031525,1479543.158,5934491,6979440.0,8024389,1477781.048
0,228915,11687,20480,110399,160341,54980.5,76305.0,50872.89293,74075.43601,39.315903,17687.78804,42,110399,28614.375,37376.89354,-1,0.0,-1,0.0,-1,0.0,-1,0.0
1,5517674,5,28,2562769,2563348,239837.3478,227722.8333,619238.7378,619288.7423,8.880554,1714.853034,5,2561299,114951.5417,440347.5454,1426287,1821547.667,2565049,644320.1026,1051944,1676203.667,2561299,787759.2035
0,14999352,58,2,4479085,4531206,499969.9333,405381.7027,1135226.436,1039723.188,4.600199,1577.534816,2,4479085,220578.7059,784289.5573,1998867,3252245.75,4530440,1050529.926,1866124,3144834.0,4479085,1086124.993
0,14987371,36,8,119980,43763,43394.69565,17424.71395,21520.14211,6690.119782,80.534471,13635.07983,8,41957,12427.33914,7572.06636,-1,0.0,-1,0.0,-1,0.0,-1,0.0
1,12680534,10,15,9925751,9925990,316381.625,301309.881,1585835.278,1548134.013,6.624327,1964.349451,10,9900486,152777.5181,1101659.244,1921144,5962571.0,10003998,5715440.875,1787775,5844130.5,9900486,5736552.962
1,250442,-1,-1,-1,-1,0.0,0.0,0.0,0.0,7.985881,399.294048,250442,250442,250442.0,0.0,-1,0.0,-1,0.0,-1,0.0,-1,0.0
1,13792486,3,9,7922671,7922725,417174.303,305934.3556,1444935.28,1244852.456,5.80026,1375.604079,3,7897330,174588.4304,942711.5435,1706965,3407372.25,8020315,3077558.105,1605551,3294727.5,7897330,3070380.064
1,2301144,2017160,-1,2017160,-1,2017160.0,0.0,0.0,0.0,1.303699,66.054102,283984,2017160,1150572.0,1225540.503,2017160,2017160.0,2017160,0.0,2017160,2017160.0,2017160,0.0
1,14998671,169,2521,27220,24470,19918.55379,19919.97872,1973.32285,1492.389328,100.475569,10791.75615,169,18512,9959.276892,3676.228241,-1,0.0,-1,0.0,-1,0.0,-1,0.0
1,8256165,303,19274,7747452,8000594,1651233.0,4009934.0,3409564.554,5643645.495,1.090094,598.70412,303,7747452,1032020.625,2715029.919,8002707,8002707.0,8002707,0.0,7747452,7747452.0,7747452,0.0
0,14136261,2,17,6008352,5967347,224385.0952,312661.7778,965574.8615,1132999.441,7.781407,1277.282586,2,5967314,129690.4679,734625.845,1270148,3476719.0,6008352,2557553.513,1039636,3218707.75,5967314,2491301.562
1,12646593,3,9,7428969,7429288,548750.2174,407136.5161,1655057.242,1438161.978,4.42807,1183.876163,3,7403629,229938.0545,1085680.385,2499634,4180171.667,7502588,2877361.873,2401950,4082312.333,7403629,2876412.096
1,133744,2,5,29215,33268,8346.538462,8307.307692,11971.38672,12689.19343,209.355186,66253.43941,2,25782,4953.481481,9620.774245,-1,0.0,-1,0.0,-1,0.0,-1,0.0
1,5282242,71,0,4885500,4885367,377292.6429,373542.4286,1299302.57,1301099.077,5.679407,495.054941,0,4885246,182146.2759,905820.6571,4917564,4917564.0,4917564,0.0,4885246,4885246.0,4885246,0.0
0,14426349,960085,959042,965042,965139,961717.7333,961716.5333,1129.673149,1495.752671,2.218163,248.434306,526,964516,465366.0968,487695.1426,-1,0.0,-1,0.0,-1,0.0,-1,0.0
1,14987448,36,18,39421,610616,18710.92135,148138.2041,4458.472467,149406.5039,60.116973,8011.770917,18,29969,16652.72,6276.006476,-1,0.0,-1,0.0,-1,0.0,-1,0.0
1,237503,25,56,92705,87917,15615.54546,21151.0,27822.35872,31617.78179,96.840882,24820.73911,25,87917,10795.59091,23201.34979,-1,0.0,-1,0.0,-1,0.0,-1,0.0
0,14982851,14168,6002,25198,24768,19995.85047,20003.06542,2712.109236,3113.145954,100.114458,11112.70479,6,23649,9995.230821,7324.056797,-1,0.0,-1,0.0,-1,0.0,-1,0.0
1,14493628,2,9,8312381,8312498,629060.8261,466720.7419,1915302.505,1663748.165,3.863767,993.816041,2,8287132,263520.5091,1256559.26,1623188,4797557.0,8400999,3409216.657,1518772,4686004.0,8287132,3404977.764
1,10416344,468,49,10000525,250619,2083268.8,153030.6667,4427089.632,134155.3102,0.96003,119.13969,11,9750385,1157371.556,3224185.512,10416344,10400000.0,10416344,0.0,9750385,9750385.0,9750385,0.0
1,14444850,959621,959571,961830,961908,960383.5333,960376.2667,738.475008,710.433667,2.215322,310.145138,39064,922766,465962.9032,447977.5177,-1,0.0,-1,0.0,-1,0.0,-1,0.0
0,13763157,781,5,7607417,7518149,1246128.727,573464.875,2422338.878,1696036.79,2.688337,524.952233,5,7518149,382309.9167,1398894.357,2308802,4528160.333,7641973,2776817.359,2185972,4409667.667,7518149,2774015.527
1,130833,53,29,63045,66093,16224.5,17476.16667,31223.86194,27903.69403,91.719979,19001.3223,29,65935,11893.90909,21954.52564,-1,0.0,-1,0.0,-1,0.0,-1,0.0
1,14982234,93,16,32070,47286,18360.58088,17416.56628,5123.849821,6158.312041,111.999319,15350.64797,1,27867,8933.949911,6940.464348,-1,0.0,-1,0.0,-1,0.0,-1,0.0
0,0,-1,-1,-1,-1,0.0,0.0,0.0,0.0,0.0,0.0,-1,-1,0.0,0.0,-1,0.0,-1,0.0,-1,0.0,-1,0.0
1,289078,26,28,208742,2388,2173.518797,331.773279,18053.42611,364.62897,1321.442656,1187336.982,8,207035,758.734908,10600.73164,-1,0.0,-1,0.0,-1,0.0,-1,0.0
1,124090,-1,60,-1,378,0.0,219.0,0.0,224.857733,32.234668,2530.421468,60,123652,41363.33333,71264.25315,-1,0.0,-1,0.0,-1,0.0,-1,0.0
1,14444311,959459,957875,961528,962700,960295.1333,960303.2667,538.820321,1320.223951,2.215405,310.156712,39249,921766,465945.5161,447405.8004,-1,0.0,-1,0.0,-1,0.0,-1,0.0
0,14985081,107,3,37418,38319,19119.86079,19152.88235,4856.895276,3713.859333,104.570673,12176.77769,3,24593,9569.017241,7089.131672,-1,0.0,-1,0.0,-1,0.0,-1,0.0
0,189568,110,89,67166,64167,23696.0,19108.42857,30444.32376,28440.87032,89.677583,34436.19176,18,55767,11848.0,21998.37244,-1,0.0,-1,0.0,-1,0.0,-1,0.0
1,10077484,10039011,10038995,10039011,10038995,10000000.0,10000000.0,0.0,0.0,0.396924,21.433921,38473,10000522,3359161.333,5751587.053,10039011,10000000.0,10039011,0.0,10000522,10000000.0,10000522,0.0
0,14983419,14814,92,25972,121430,19999.79306,20003.6996,2750.815303,6014.221368,100.110662,11112.28352,15,24007,9995.60974,7047.642219,-1,0.0,-1,0.0,-1,0.0,-1,0.0
1,322662,11,27,140946,153869,18363.5,27006.54546,37762.19294,46819.95369,83.678896,18505.43293,9,140909,12410.07692,30234.48616,-1,0.0,-1,0.0,-1,0.0,-1,0.0
1,170494,21,32,144447,79357,20747.42857,24151.16667,54546.6283,31660.50394,87.979636,26335.2376,10,79357,12178.14286,23332.4621,-1,0.0,-1,0.0,-1,0.0,-1,0.0
1,14866362,4,26,5755082,5707380,176973.6786,159793.1183,811893.6257,766289.3576,12.040605,2527.854495,4,5707088,83518.88764,557821.6636,1680046,3714489.5,6353663,2070335.952,1451711,3270112.25,5707088,2061546.055
1,10077691,10038928,10038928,10038928,10038928,10000000.0,10000000.0,0.0,0.0,0.396916,21.433481,38763,10000165,3359230.333,5751218.126,10038928,10000000.0,10038928,0.0,10000165,10000000.0,10000165,0.0
1,10146833,13,15,5424693,5425355,253041.9,210860.7292,1005622.128,920341.6142,8.869763,2486.095908,9,5399467,114009.3596,676744.5608,3563117,5000740.5,6438364,2033106.651,3455497,4427482.0,5399467,1374594.369
0,48943,84,1,25643,23723,15855.66667,3877.571429,13790.3881,8789.493849,245.183172,148724.0259,1,23599,4449.363636,9056.933308,-1,0.0,-1,0.0,-1,0.0,-1,0.0
1,14443187,959348,958905,961695,962139,960316.2667,960287.1333,644.248063,742.373064,2.215577,310.180849,38403,922622,465909.2581,448412.0347,-1,0.0,-1,0.0,-1,0.0,-1,0.0
0,11642538,175,60,11481543,41737,1455317.25,11832.57143,4051305.612,19499.76756,1.460163,459.693582,7,11481543,727658.625,2867753.067,11642538,11600000.0,11642538,0.0,11481543,11500000.0,11481543,0.0
0,14982937,33,267,21014,25586,19711.70263,19683.32589,2113.929043,2553.844575,101.648962,13380.95462,5,20913,9844.242444,7361.663256,-1,0.0,-1,0.0,-1,0.0,-1,0.0
0,14997605,195,1,37700,40970,18312.09402,16966.27973,5367.682597,6096.490363,113.618141,15561.48465,1,28421,8806.579565,5086.352715,-1,0.0,-1,0.0,-1,0.0,-1,0.0
1,14834565,84,50,4314874,13975268,315629.0426,2089084.714,720064.5582,5243867.201,3.774967,481.847631,42,4314874,269719.3636,667061.253,1080381,2568549.8,5223104,1658063.004,1006356,1763379.4,4314874,1429133.581
1,10077892,10039126,10038596,10039126,10038596,10000000.0,10000000.0,0.0,0.0,0.396908,21.433054,38766,9999830,3359297.333,5750869.99,10039126,10000000.0,10039126,0.0,9999830,9999830.0,9999830,0.0
0,14999605,5509,15521,24725,24802,20001.60481,20006.25634,3148.605796,2757.574993,100.002633,11100.29231,19,23175,10006.40761,6498.007072,-1,0.0,-1,0.0,-1,0.0,-1,0.0
0,14791039,33,4,5010410,5009768,249293.5763,146445.9307,911943.6331,701294.1075,10.952577,1974.235887,4,4984603,91869.80745,556042.2551,1210212,3668885.0,5107375,1794883.535,1074846,3272561.75,4984603,1624503.407
0,14991298,97,1,42399,40947,18371.16544,17042.40273,5465.250504,6109.22404,113.199004,15534.0785,1,28477,8839.208726,6108.951206,-1,0.0,-1,0.0,-1,0.0,-1,0.0
1,14991262,29,17,29807,41540,18292.71184,17338.8125,4894.772024,6577.59693,112.398809,15326.52821,1,26711,8902.174584,4134.335139,-1,0.0,-1,0.0,-1,0.0,-1,0.0
0,442744,1052,437,245051,191789,30936.38462,31451.85714,67140.63625,52144.88761,65.500605,8180.79974,45,191789,15812.28571,38209.72527,-1,0.0,-1,0.0,-1,0.0,-1,0.0
1,26,-1,-1,-1,-1,0.0,0.0,0.0,0.0,76923.07692,3076923.077,26,26,26.0,0.0,-1,0.0,-1,0.0,-1,0.0,-1,0.0
0,14995940,15593,69,24626,69207,19994.58667,20033.79679,2788.655952,5211.915638,100.027074,11103.00521,2,24406,10003.96264,6893.560743,-1,0.0,-1,0.0,-1,0.0,-1,0.0
0,1093045,1446,60,475466,424762,87116.5,74706.92857,125320.343,104926.9597,25.616512,3897.369276,38,424762,40483.14815,82188.07093,-1,0.0,-1,0.0,-1,0.0,-1,0.0
1,14999391,33,31,29886,41012,18180.01333,17420.21371,4882.754353,5748.074911,112.537902,15340.6895,13,25203,8891.162418,7215.244471,-1,0.0,-1,0.0,-1,0.0,-1,0.0
1,14998427,180,151,28792,24377,19950.43143,19918.22975,1883.853366,1578.187337,100.41053,11484.87105,1,20432,9965.732226,6234.93745,-1,0.0,-1,0.0,-1,0.0,-1,0.0
1,10077898,10038984,10039603,10038984,10039603,10000000.0,10000000.0,0.0,0.0,0.396908,21.433041,38295,10000689,3359299.333,5751612.176,10038984,10000000.0,10038984,0.0,10000689,10000000.0,10000689,0.0
1,14925198,21,81,990449,899463,193318.0519,233205.2656,259631.385,213876.4242,9.581112,1590.129659,0,650365,105107.0282,150698.1886,-1,0.0,-1,0.0,-1,0.0,-1,0.0
0,14985757,111,3,35875,23627,19132.9106,19155.96675,4690.661312,3546.393882,104.565956,12278.79246,1,22143,9569.448914,6566.779246,-1,0.0,-1,0.0,-1,0.0,-1,0.0
1,14992890,135,6,272050,509783,81052.09239,5335.548043,72771.4607,31261.12796,199.828052,255626.5003,4,217159,5005.973289,22615.98903,-1,0.0,-1,0.0,-1,0.0,-1,0.0
1,14998721,1838,46,28876,22767,19896.0757,19892.20292,1971.328542,1525.871607,100.608579,11877.94613,46,19506,9946.101459,3849.182412,-1,0.0,-1,0.0,-1,0.0,-1,0.0
1,14551072,-1,67,-1,5096957,0.0,855945.4118,0.0,1318030.757,1.305746,71.12878,67,5096957,808392.8889,1289462.078,1056074,2801789.8,6365057,2288623.465,1055450,2333649.4,5096957,1684860.18
1,206404,-1,-1,-1,-1,0.0,0.0,0.0,0.0,9.689735,484.486735,206404,206404,206404.0,0.0,-1,0.0,-1,0.0,-1,0.0,-1,0.0
1,11018440,6,1,821438,10009949,148298.1429,2193284.2,299138.5525,4386276.969,1.270597,484.00681,1,9980353,847572.3077,2753077.735,11018440,11000000.0,11018440,0.0,9980353,9980353.0,9980353,0.0
1,849169,168,39985,306871,230090,212292.25,116409.6,142430.2025,101859.0222,12.953841,1707.551736,22,229900,84916.9,100473.2318,-1,0.0,-1,0.0,-1,0.0,-1,0.0
1,238842,11,-1,161550,-1,4421.925926,0.0,23125.07599,0.0,234.464625,12363.82211,11,161550,4342.581818,22917.50988,-1,0.0,-1,0.0,-1,0.0,-1,0.0
1,10078715,10039993,10038941,10039993,10038941,10000000.0,10000000.0,0.0,0.0,0.396876,21.431303,38722,10000219,3359571.667,5750969.312,10039993,10000000.0,10039993,0.0,10000219,10000000.0,10000219,0.0
1,14442884,959578,958725,961414,962153,960189.2667,960227.3333,501.576937,869.003466,2.215624,310.187356,38508,922789,465899.4839,448315.9158,-1,0.0,-1,0.0,-1,0.0,-1,0.0
1,10077444,10038968,10038759,10038968,10038759,10000000.0,10000000.0,0.0,0.0,0.396926,21.434006,38476,10000283,3359148.0,5751391.621,10038968,10000000.0,10038968,0.0,10000283,10000000.0,10000283,0.0
0,10408674,33,7,56958,10009716,18258.0,345093.3667,26128.21645,1825497.46,5.380128,7691.757855,2,9970482,189248.6182,1343461.041,10408674,10400000.0,10408674,0.0,9970482,9970482.0,9970482,0.0
1,14996776,7,9,26746,38219,17747.66391,17478.22987,5215.455689,5715.61447,113.624422,15420.91447,7,22387,8806.092777,3771.74649,-1,0.0,-1,0.0,-1,0.0,-1,0.0
0,14284279,42,168,5106960,5083068,264092.1296,446347.0313,953282.9252,1210422.183,6.160619,514.061648,24,5082111,164187.1149,755706.1296,6384393,6407367.5,6430342,32490.84947,5010188,5046149.5,5082111,50857.24101
1,180415,4,15,27719,65137,7213.3125,10329.26667,11632.2658,19244.60143,182.91162,70099.49284,4,65002,5637.96875,13810.53067,-1,0.0,-1,0.0,-1,0.0,-1,0.0
0,14993333,23,8,146129,106697,44737.25749,17413.85947,24555.53056,7751.609666,79.835484,12654.69126,8,59297,12536.23161,7607.166962,-1,0.0,-1,0.0,-1,0.0,-1,0.0
1,240,61,-1,179,-1,120.0,0.0,83.432608,0.0,12500.0,1070833.333,61,179,120.0,83.432608,-1,0.0,-1,0.0,-1,0.0,-1,0.0
1,14443853,959454,959096,961591,961729,960301.9333,960332.8667,565.247982,787.007203,2.215475,310.166546,38484,922851,465930.7419,448223.0774,-1,0.0,-1,0.0,-1,0.0,-1,0.0
0,0,-1,-1,-1,-1,0.0,0.0,0.0,0.0,0.0,0.0,-1,-1,0.0,0.0,-1,0.0,-1,0.0,-1,0.0,-1,0.0
1,650231,5,64,132802,133270,37124.85714,43450.66667,53906.62869,56226.81693,43.06162,9082.925914,5,132577,24082.62963,45641.15913,-1,0.0,-1,0.0,-1,0.0,-1,0.0
0,26558,27,551,25414,24330,4426.333333,8643.0,10283.49363,13587.61305,414.187815,75382.18239,27,24330,2655.8,7619.786091,-1,0.0,-1,0.0,-1,0.0,-1,0.0
0,14994247,61,7839,96206,483011,30291.40808,327592.7955,13655.91479,175850.169,36.080505,7904.498305,61,96206,27767.12407,15181.92857,-1,0.0,-1,0.0,-1,0.0,-1,0.0
0,14990814,8,12316,95553,485100,30162.60362,309455.3617,13476.71811,175679.2376,36.422305,7945.332388,8,95553,27506.08073,14908.29376,-1,0.0,-1,0.0,-1,0.0,-1,0.0
0,11300305,16,8,10024816,9921801,565015.25,401299.0,2235778.325,1873071.837,4.424659,770.687163,8,9921801,230618.4694,1418517.527,11261917,11300000.0,11261917,0.0,9921801,9921801.0,9921801,0.0
1,14432424,62,0,1425568,1477405,165885.4943,156260.75,387299.0005,392118.7438,12.541206,2495.007076,0,1425265,80180.13333,280392.3063,1321089,2053331.571,3123382,633819.061,1028681,1265098.857,1425265,143534.892
0,27245,93,-1,27152,-1,13622.5,0.0,19133.60237,0.0,110.111947,5542.30134,93,27152,13622.5,19133.60237,-1,0.0,-1,0.0,-1,0.0,-1,0.0
0,10966905,94,2,2551347,2551445,255034.7442,195837.5893,537604.0068,482241.4565,9.209526,2842.005105,-1,2551129,109669.05,372343.2806,2346745,5439149.5,8531554,4373320.384,1863389,2207259.0,2551129,486305.6177
0,14995800,121,2,44169,45772,18331.25061,17090.56785,5433.702926,6209.073328,113.16502,15515.54435,2,43798,8841.863208,5880.208751,-1,0.0,-1,0.0,-1,0.0,-1,0.0
1,6510972,5,15,5715828,5922289,10815.56811,5409.04721,233220.2804,173503.2314,271.695225,248101.6659,0,5715828,3682.676471,136107.3449,5997945,5997945.0,5997945,0.0,5715828,5715828.0,5715828,0.0
0,14984521,5999,15716,25120,24717,20006.03605,19999.58423,3087.945848,2767.560679,100.036564,11104.05865,33,22579,10003.01802,5294.180336,-1,0.0,-1,0.0,-1,0.0,-1,0.0
1,14444862,959365,958582,961247,961515,960410.2,960415.4667,682.448397,964.213696,2.215321,310.144881,38387,922857,465963.2903,448589.2739,-1,0.0,-1,0.0,-1,0.0,-1,0.0
1,238,20,-1,218,-1,119.0,0.0,140.003571,0.0,12605.04202,978991.5966,20,218,119.0,140.003571,-1,0.0,-1,0.0,-1,0.0,-1,0.0
1,703471,219696,216980,220017,220606,219856.5,218793.0,226.979074,2563.968994,8.529136,1081.77878,43152,220606,140694.2,89836.4348,-1,0.0,-1,0.0,-1,0.0,-1,0.0
1,14993654,49,28,6621270,13281080,1120452.308,4569938.667,1986913.645,7547113.96,1.200508,171.539239,28,6621270,881979.6471,1755658.146,1074193,3429130.5,6621924,2337075.821,1073535,3372703.25,6621270,2341965.792
1,14968096,58,7,292005,322412,96568.36129,12642.9462,64615.13708,45352.10176,88.722039,107029.7785,7,213629,11279.65034,31036.54912,-1,0.0,-1,0.0,-1,0.0,-1,0.0
1,14450442,959242,958575,967560,967623,960776.1333,960790.1333,1962.703033,2177.651598,2.214465,310.025119,38412,929119,466143.2903,448717.4575,-1,0.0,-1,0.0,-1,0.0,-1,0.0
0,10234306,50,29,77146,10006872,32491.42857,1270049.375,40073.42876,3530368.436,1.66108,871.969238,3,10006866,639644.125,2498099.701,10234306,10200000.0,10234306,0.0,10006866,10000000.0,10006866,0.0
1,224,32,-1,192,-1,112.0,0.0,113.132665,0.0,13392.85714,1040178.571,32,192,112.0,113.132665,-1,0.0,-1,0.0,-1,0.0,-1,0.0
0,13330363,321,5,6772935,6774742,886962.6,443468.1,1889844.727,1375705.733,3.525785,555.498751,5,6747600,289790.5,1120671.331,3174405,4414815.667,6827943,2090103.649,2143400,3998713.0,6747600,2428686.946
0,691922,7,25,14244,14282,37.748063,75.33486,184.850903,260.452323,39748.7,37800000.0,5,14244,25.15897,150.972313,-1,0.0,-1,0.0,-1,0.0,-1,0.0
0,12440199,5,5,3444710,3521726,10883.81365,9430.047909,167637.0243,158833.0052,197.746033,441205.9646,2,3444710,5059.047987,114393.1784,4003880,4004443.0,4005167,658.431849,3146792,3270898.667,3444710,155053.8587
1,40,40,-1,40,-1,40.0,0.0,0.0,0.0,50000.0,3375000.0,40,40,40.0,0.0,-1,0.0,-1,0.0,-1,0.0,-1,0.0
1,209412,-1,209412,-1,209412,0.0,209412.0,0.0,0.0,14.325827,4866.005769,3713,205699,104706.0,142825.6703,-1,0.0,-1,0.0,-1,0.0,-1,0.0
1,434928,434928,-1,434928,-1,434928.0,0.0,0.0,0.0,6.897693,402.365449,38481,396447,217464.0,253120.186,-1,0.0,-1,0.0,-1,0.0,-1,0.0
0,312539,115,2,177840,228026,28401.90909,22015.53846,52495.3901,62562.50694,83.189618,17069.86968,2,177783,12501.56,36621.16508,-1,0.0,-1,0.0,-1,0.0,-1,0.0
1,272668,272668,-1,272668,-1,272668.0,0.0,0.0,0.0,11.002391,3737.14554,955,271713,136334.0,191454.8179,-1,0.0,-1,0.0,-1,0.0,-1,0.0
0,11998810,51,4,5422273,5422133,201424.4237,127646.9149,891692.6139,709149.8753,12.917948,2257.390525,4,5397023,77914.35065,554395.4361,4442021,5160141.5,5878262,1015575.751,4308970,4852996.5,5397023,769369.6546
1,116879,82,47,90545,64840,22892.25,15239.66667,45103.25096,26324.6592,102.670283,14938.52617,47,64840,10625.36364,20605.4826,-1,0.0,-1,0.0,-1,0.0,-1,0.0
0,14986210,103,5784,83000,25136,20000.10013,20006.11883,6361.179039,3150.029188,100.092018,11110.21399,13,24133,9997.471648,6970.264844,-1,0.0,-1,0.0,-1,0.0,-1,0.0
1,212813,212813,-1,212813,-1,212813.0,0.0,0.0,0.0,14.096883,7320.981331,36,212777,106406.5,150430.6037,-1,0.0,-1,0.0,-1,0.0,-1,0.0
0,14998389,11,6,128643,128583,10052.46515,6272.851945,18624.10399,16272.32286,259.02782,285152.0253,1,128566,3861.583162,12299.29817,-1,0.0,-1,0.0,-1,0.0,-1,0.0
1,14409606,0,71,1185913,1185884,275231.1923,351453.8049,372322.6242,283447.8326,6.592824,761.991688,0,1185807,153293.6809,244722.0453,2277034,2277034.0,2277034,0.0,1185807,1185807.0,1185807,0.0
1,207232,-1,207232,-1,207232,0.0,207232.0,0.0,0.0,14.476529,4917.194256,1207,206025,103616.0,144828.1967,-1,0.0,-1,0.0,-1,0.0,-1,0.0
0,92935117,581,3,92882915,25074,23200000.0,8691.333333,46400000.0,14196.5078,0.096842,21.983079,3,92882915,11600000.0,32800000.0,92935117,92900000.0,92935117,0.0,92882915,92900000.0,92882915,0.0
0,14978457,1358,5856,48032,24195,19997.93992,20005.54679,3966.615863,3464.591489,100.077064,11108.55411,27,24042,9998.96996,7106.260198,-1,0.0,-1,0.0,-1,0.0,-1,0.0
1,10077156,10038824,10038735,10038824,10038735,10000000.0,10000000.0,0.0,0.0,0.396937,21.434619,38332,10000403,3359052.0,5751578.682,10038824,10000000.0,10038824,0.0,10000403,10000000.0,10000403,0.0
0,12114408,72,1,2898397,2898547,198593.9508,153335.2405,525492.4163,468552.407,11.72158,3389.682765,1,2898279,85917.78723,357451.5019,2015149,4002442.333,7004300,2644789.692,1872391,2215251.333,2898279,591520.8434
0,12682222,11,6,5505742,5571060,242631.0577,181174.6,951927.4814,831250.7749,9.777466,1676.756644,5,5505742,103107.4959,624869.869,4851132,5198336.5,5545541,491021.3128,4156326,4831034.0,5505742,954181.2042
0,14955298,65,26,4649722,4700373,415424.9444,574195.7692,1089124.723,1270469.726,4.27942,1268.914869,26,4649722,237385.6825,842837.8747,2772888,4617959.0,5784791,1616445.491,2415127,3807522.333,4649722,1214656.395
0,14999790,10,15,123527,91821,47586.00955,17401.14849,27892.6552,6910.987031,78.534433,11651.69646,10,64076,12744.08666,7517.585488,-1,0.0,-1,0.0,-1,0.0,-1,0.0
1,13113138,16,8,3083956,3252898,3809.743754,1910.700546,77102.04181,58521.65947,779.599818,716866.779,0,3083956,1282.834866,44770.9408,4002793,4003087.0,4003432,322.537595,1831105,2519341.667,3083956,635508.2753
0,50258,-1,-1,-1,-1,0.0,0.0,0.0,0.0,39.79466,2347.884914,50258,50258,50258.0,0.0,-1,0.0,-1,0.0,-1,0.0,-1,0.0
1,214393,214393,-1,214393,-1,214393.0,0.0,0.0,0.0,13.992994,7267.028308,31,214362,107196.5,151554.9035,-1,0.0,-1,0.0,-1,0.0,-1,0.0
0,98301,87,16823,68511,27627,32767.0,22225.0,34314.74924,7639.581598,71.209855,51372.82429,87,28045,16383.5,12630.16241,-1,0.0,-1,0.0,-1,0.0,-1,0.0
0,14963359,42,13,72030,72506,52939.6383,15901.55048,16503.99857,25712.74994,81.866645,417373.3986,8,42086,12224.9665,15028.11506,-1,0.0,-1,0.0,-1,0.0,-1,0.0
1,14993530,55,2301,28318,29514,19891.62948,19894.77955,2053.047492,1654.373425,100.576715,11638.42004,55,18866,9949.256802,3851.89106,-1,0.0,-1,0.0,-1,0.0,-1,0.0
1,271982,271982,-1,271982,-1,271982.0,0.0,0.0,0.0,11.030142,3746.571464,950,271032,135991.0,190976.8137,-1,0.0,-1,0.0,-1,0.0,-1,0.0
0,14991900,210,2,36616,25021,19181.8169,19156.8798,4596.718327,3415.238137,104.389704,12203.92345,1,23049,9585.613811,6069.842576,-1,0.0,-1,0.0,-1,0.0,-1,0.0
1,10078333,10039764,10038918,10039764,10038918,10000000.0,10000000.0,0.0,0.0,0.396891,21.432116,38569,10000349,3359444.333,5751192.161,10039764,10000000.0,10039764,0.0,10000349,10000000.0,10000349,0.0
0,10974692,14,3,6235838,6277927,419505.0,304852.5556,1410960.086,1213218.018,5.831599,957.384499,3,6235823,174201.4603,917674.514,4026406,5152166.5,6277927,1592065.767,3893357,5064590.0,6235823,1656373.593
0,14996299,15514,-1,25455,-1,19995.06533,0.0,2744.562932,0.0,50.079023,5558.771534,15514,25455,19995.06533,2744.562932,-1,0.0,-1,0.0,-1,0.0,-1,0.0
1,457674,14,18949,250627,205892,114418.5,112420.5,133290.9343,132188.663,17.479691,14016.52705,14,206565,65382.0,96598.82204,-1,0.0,-1,0.0,-1,0.0,-1,0.0
1,12068181,37996,1487,5568899,5561883,1483607.375,1483370.75,1862894.012,1863488.481,1.491526,185.44634,54,5360018,709893.0,1349784.502,2416297,3888946.333,6506024,2272389.467,1004248,2969189.667,5360018,2208895.123
0,14978992,45,2590,73462,483577,30260.5899,338153.3953,12094.23547,177593.6603,36.05049,7896.192214,45,73462,27790.33766,13875.40577,-1,0.0,-1,0.0,-1,0.0,-1,0.0
1,14986456,72,64,22355,24680,19920.18484,19869.80371,1865.494892,1885.284802,100.62419,11178.42671,19,20392,9944.562707,5799.109444,-1,0.0,-1,0.0,-1,0.0,-1,0.0
1,14995429,66,16,31129,48259,18287.10854,17261.74194,4781.014721,6261.466272,112.70101,15312.86634,9,20416,8878.288336,3838.477764,-1,0.0,-1,0.0,-1,0.0,-1,0.0
1,14995187,35,26,35232,40326,18276.40488,17394.62529,5022.928078,5957.099596,112.302701,15165.73285,10,23951,8909.796197,4300.079337,-1,0.0,-1,0.0,-1,0.0,-1,0.0
1,12656941,4,5,8339864,8340409,293752.1628,217786.7586,1296423.984,1120241.883,8.137827,1761.484074,4,8314206,124087.6569,844908.9387,1572680,3868457.0,8431715,3951922.677,1463711,3755921.0,8314206,3947612.236
1,137568,137568,317,137568,317,137568.0,317.0,0.0,0.0,29.076529,1650.093045,27,137224,45856.0,79127.14195,-1,0.0,-1,0.0,-1,0.0,-1,0.0
1,240608,-1,-1,-1,-1,0.0,0.0,0.0,0.0,8.312276,407.301503,240608,240608,240608.0,0.0,-1,0.0,-1,0.0,-1,0.0,-1,0.0
0,1920,114,35,641,1048,403.25,435.0,228.767531,437.063306,5208.333333,1083854.167,29,641,213.333333,182.916989,-1,0.0,-1,0.0,-1,0.0,-1,0.0
0,14520688,356,58,8332114,8396156,537797.0,345337.0476,1631439.032,1335641.811,4.889575,320.645964,28,8332114,207438.4,1033643.362,3569468,6154505.0,8739542,3655794.385,2600839,5466476.5,8332114,4052623.417
1,14994742,61,17,30279,39626,18219.61361,17460.78671,5196.146702,5965.909986,112.239344,15323.30466,17,22031,8914.828775,4114.55736,-1,0.0,-1,0.0,-1,0.0,-1,0.0
0,10489337,44,49,4720958,4536760,514774.95,456058.1304,1438831.443,1288908.185,4.290071,1306.374273,8,4536760,238394.0227,949284.2164,5001460,5004096.0,5006732,3727.866816,4530889,4533824.5,4536760,4151.423792
1,255271,13,20,208590,1994,1919.330827,196.959514,18058.89624,249.715697,1496.448872,1344449.624,3,206574,670.002625,10578.78706,-1,0.0,-1,0.0,-1,0.0,-1,0.0
0,14429279,960196,960147,963352,963839,961912.7333,961906.6,970.775534,1059.018231,2.217713,248.383859,488,962715,465460.6129,487878.6158,-1,0.0,-1,0.0,-1,0.0,-1,0.0
1,167260,14,34,140950,73987,20297.42857,23363.16667,53203.81058,29767.1074,89.680737,24536.64953,10,73987,11947.14286,22245.38782,-1,0.0,-1,0.0,-1,0.0,-1,0.0
0,12253904,333,21,7443809,7351524,815178.5333,422548.4138,1960934.364,1428024.486,3.753906,734.45981,9,7351524,272308.9778,1155242.105,2126266,4043188.667,7524767,3020275.447,1456150,3731064.0,7351524,3169657.581
0,14978944,125,8233,99544,482834,30138.72032,315351.9783,12768.27628,161781.9937,36.384407,8002.967365,125,99544,27534.82353,14272.56968,-1,0.0,-1,0.0,-1,0.0,-1,0.0
1,26,-1,-1,-1,-1,0.0,0.0,0.0,0.0,76923.07692,3538461.538,26,26,26.0,0.0,-1,0.0,-1,0.0,-1,0.0,-1,0.0
0,13074798,2,3,9492464,9492305,407803.6563,303479.7209,1701381.398,1472523.068,5.889192,1444.381779,2,9467209,172036.8158,1108535.663,2678297,6306545.5,9934794,5131118.236,2137978,5802593.5,9467209,5182548.941
0,14935142,2,5,9962882,9962988,746757.1,1487906.4,2407189.828,3327241.844,2.142598,2866.66173,2,9906814,481778.7742,1940245.29,4836741,7399811.5,9962882,3624729.062,4687144,7296979.0,9906814,3690864.053
1,14963468,212824,14753195,14750644,14753195,7481734.0,14800000.0,10300000.0,0.0,0.334147,111.070509,20,14540391,3740867.0,7200373.107,14750644,14800000.0,14750644,0.0,14540391,14500000.0,14540391,0.0
0,14992947,163,2,45219,42015,18283.99268,16965.77463,5491.42146,6115.32372,113.720138,15549.91157,2,42015,8798.677817,5892.02065,-1,0.0,-1,0.0,-1,0.0,-1,0.0
1,1213466,16465,228341,704759,744891,303353.75,404483.6667,289173.7357,294861.2151,7.416771,1096.034005,15,704744,151683.25,243780.6005,-1,0.0,-1,0.0,-1,0.0,-1,0.0
1,275452,275452,-1,275452,-1,275452.0,0.0,0.0,0.0,10.89119,3699.37412,977,274475,137726.0,193392.2904,-1,0.0,-1,0.0,-1,0.0,-1,0.0
0,14920745,7,0,722451,751455,17774.43499,5217.530648,75414.30846,42009.6281,246.636478,267727.6503,0,722451,4055.652351,35174.79251,-1,0.0,-1,0.0,-1,0.0,-1,0.0
0,14996989,5670,12682,24596,26217,19994.32,19995.98533,3135.897144,2780.780014,100.153437,11117.03156,3,23571,9991.331779,6709.875246,-1,0.0,-1,0.0,-1,0.0,-1,0.0
1,14998116,62,14,29814,71776,18223.71324,17626.18941,4860.096769,7240.565602,111.680694,15145.1689,14,21405,8959.448029,4265.18518,-1,0.0,-1,0.0,-1,0.0,-1,0.0
0,14999000,15693,3425,25338,44661,19998.66667,20080.10604,2723.901491,5425.392673,99.806654,11078.53857,106,23851,10026.06952,5807.693047,-1,0.0,-1,0.0,-1,0.0,-1,0.0
1,13711284,21,1246,9689157,9505797,441019.3226,721640.8947,1718233.957,2133168.306,3.792497,334.541973,21,9505797,268848.7059,1322083.033,11962988,12000000.0,11962988,0.0,9505797,9505797.0,9505797,0.0
1,210595,-1,210595,-1,210595,0.0,210595.0,0.0,0.0,14.245352,4838.671383,3647,206948,105297.5,143755.5157,-1,0.0,-1,0.0,-1,0.0,-1,0.0
0,14995413,193,5820,67193,25355,20057.46319,19993.884,5490.455593,3557.119603,99.963902,11095.99316,78,24124,10010.28905,5238.613398,-1,0.0,-1,0.0,-1,0.0,-1,0.0
0,14999235,76,35,25704,41349,19156.11111,19131.38697,3826.714393,4134.857777,104.538665,12121.88488,35,21340,9571.943204,4365.555752,-1,0.0,-1,0.0,-1,0.0,-1,0.0
0,14999033,71,228,30079,28138,19684.30223,19761.57181,2089.692235,2429.298299,101.473208,13279.45608,71,19348,9861.297173,3495.86572,-1,0.0,-1,0.0,-1,0.0,-1,0.0
1,344915,-1,-1,-1,-1,0.0,0.0,0.0,0.0,5.79853,292.825769,344915,344915,344915.0,0.0,-1,0.0,-1,0.0,-1,0.0,-1,0.0
1,14965148,122,6,254396,284337,96548.56129,13709.08632,66252.65553,45913.65758,83.260119,99599.68321,6,219402,12020.1992,33637.30943,-1,0.0,-1,0.0,-1,0.0,-1,0.0
0,6021,33,36,2683,2768,995.25,1249.5,1217.774439,1293.971664,1660.853679,357415.7117,33,2526,669.0,893.888206,-1,0.0,-1,0.0,-1,0.0,-1,0.0
1,209897,-1,209897,-1,209897,0.0,209897.0,0.0,0.0,14.292725,4854.762098,3649,206248,104948.5,143259.1268,-1,0.0,-1,0.0,-1,0.0,-1,0.0
1,13563490,350306,5858904,7208999,5858904,2642544.4,5858904.0,2812212.951,0.0,0.589819,47.480405,350306,5508136,1937641.429,1899739.45,1700863,3390872.5,5858904,1936758.282,1700863,3102886.25,5508136,1729604.052
0,2138250,2,77,1629922,1632673,212663.3,305464.2857,502017.0119,588949.0722,8.885771,1988.542032,2,1629879,118791.6667,380573.7498,1984807,1984807.0,1984807,0.0,1629879,1629879.0,1629879,0.0
1,10079754,10040108,10040193,10040108,10040193,10000000.0,10000000.0,0.0,0.0,0.396835,21.429094,39561,10000547,3359918.0,5750953.411,10040108,10000000.0,10040108,0.0,10000547,10000000.0,10000547,0.0
1,13363919,1439,237553,3501650,3540674,703360.3684,1211374.091,1183745.697,1406576.836,2.394507,333.135811,35,3501598,431094.1613,979558.2164,4017093,4136862.333,4217649,105808.3811,3074661,3342745.0,3501598,233489.5266
1,10103774,12,17,5387037,5387368,251956.15,209963.2083,1004590.74,919359.8731,8.907563,2496.789813,4,5361905,113525.5506,675955.9601,4531041,5001038.5,5471036,664676.8388,3490267,4426086.0,5361905,1323447.922
0,165943,515,3,50677,29003,27657.16667,22462.4,15971.56447,12577.95069,78.340153,38356.54412,3,27976,13828.58333,12837.73378,-1,0.0,-1,0.0,-1,0.0,-1,0.0
1,10076619,10037982,10038005,10037982,10038005,10000000.0,10000000.0,0.0,0.0,0.396959,21.435761,38614,9999368,3358873.0,5750837.364,10037982,10000000.0,10037982,0.0,9999368,9999368.0,9999368,0.0
0,14572117,68,2,2885074,2885346,246985.0339,193614.6533,573668.7307,517410.823,9.332892,2625.013236,2,2884770,107941.6074,394993.9822,1517881,2904357.0,6979898,2288203.028,1296852,1869028.6,2884770,624725.2815
0,14940095,2,2,7598054,7597998,331443.6444,244508.0,1262649.827,1090988.359,7.22887,1694.567538,2,7572786,139627.0561,825737.7411,4466458,7251447.0,10036436,3938569.215,3924635,5748710.5,7572786,2579632.311
1,14442517,959505,958773,961188,961513,960227.8,960170.6667,486.619197,802.637987,2.21568,310.195238,38497,922413,465887.6452,448269.0236,-1,0.0,-1,0.0,-1,0.0,-1,0.0
0,14971701,8,36200,94252,484772,30245.86061,331091.2,13051.73306,153551.9142,36.201631,7914.932311,8,94252,27674.12385,14640.18191,-1,0.0,-1,0.0,-1,0.0,-1,0.0
0,14993041,62,0,301311,300926,2584.043261,2583.553507,12214.36613,12329.3562,774.159158,562483.5549,-459,299823,1291.835344,8426.834635,-1,0.0,-1,0.0,-1,0.0,-1,0.0
0,14997450,83,2,36241,33485,18376.48897,17042.91468,5323.967234,6007.97442,113.152569,14946.60759,2,21274,8842.836085,5497.083875,-1,0.0,-1,0.0,-1,0.0,-1,0.0
0,1038,217,857,356,857,286.5,857.0,98.282755,0.0,4816.955684,257225.4335,175,465,259.5,138.248568,-1,0.0,-1,0.0,-1,0.0,-1,0.0
0,14999201,469,21,24933,30353,19107.26242,19106.25765,3756.383348,3728.87988,104.738912,12208.78366,13,24479,9553.63121,5883.231006,-1,0.0,-1,0.0,-1,0.0,-1,0.0
0,14999869,494,26,25627,32629,19155.01535,19132.48597,3617.777525,3670.938428,104.534246,12265.84046,26,18375,9572.347798,3762.29416,-1,0.0,-1,0.0,-1,0.0,-1,0.0
1,10077969,10039602,10039172,10039602,10039172,10000000.0,10000000.0,0.0,0.0,0.396905,21.43289,38367,10000805,3359323.0,5751692.135,10039602,10000000.0,10039602,0.0,10000805,10000000.0,10000805,0.0
1,14531797,16,12,14217477,14152575,1614644.111,1033325.071,4726530.557,3776253.217,1.720365,318.680477,12,14152575,605491.5417,2885744.262,14492152,14500000.0,14492152,0.0,14152575,14200000.0,14152575,0.0
0,14999602,92,2,38180,41892,18318.7066,17122.83333,5452.4396,5856.399117,113.069667,15552.01265,2,25202,8849.322714,5824.855546,-1,0.0,-1,0.0,-1,0.0,-1,0.0
1,209223,-1,209223,-1,209223,0.0,209223.0,0.0,0.0,14.338768,4870.401438,3741,205482,104611.5,142652.4291,-1,0.0,-1,0.0,-1,0.0,-1,0.0
0,2967,32,117,1685,1752,590.5,655.25,745.529789,753.142693,3370.407819,572969.3293,32,1453,329.666667,433.453429,-1,0.0,-1,0.0,-1,0.0,-1,0.0
1,14440900,959368,959002,961104,961201,960176.1333,960152.6,399.125001,683.991259,2.215928,310.229972,38258,922508,465835.4839,448454.25,-1,0.0,-1,0.0,-1,0.0,-1,0.0
0,52837,-1,-1,-1,-1,0.0,0.0,0.0,0.0,37.852263,2914.624222,52837,52837,52837.0,0.0,-1,0.0,-1,0.0,-1,0.0,-1,0.0
1,1466232,-1,3388,-1,463782,0.0,52365.42857,0.0,133503.6378,20.460609,10514.02507,3388,463782,50559.72414,123487.1181,-1,0.0,-1,0.0,-1,0.0,-1,0.0
1,410557,83,37,235963,169503,23002.93333,27444.07143,60401.50553,45527.73819,75.507177,20976.38087,19,169503,13685.23333,33107.56615,-1,0.0,-1,0.0,-1,0.0,-1,0.0
0,14995504,112,2,38218,25078,19098.7414,19129.29757,4914.439187,3602.151557,104.698048,12176.64975,2,22447,9557.363926,6089.030009,-1,0.0,-1,0.0,-1,0.0,-1,0.0
0,14986295,38,5,4463248,4457666,265516.8929,156107.2396,875442.5182,674632.6703,10.276056,1785.631472,5,4406639,97949.64052,534159.8591,1357875,2758869.6,4457666,1542291.363,1193817,2645087.2,4406639,1562619.281
1,14991893,186,44,24667,44402,17705.15485,17350.34183,5112.683151,7303.955994,114.128349,15021.58533,6,21061,8767.188889,5351.474993,-1,0.0,-1,0.0,-1,0.0,-1,0.0
0,14997749,160,3,37851,36918,18396.68796,17023.55165,5296.695824,5957.529451,113.150313,15547.13311,3,23573,8843.012382,5492.007436,-1,0.0,-1,0.0,-1,0.0,-1,0.0
1,131289,81,36,30657,29869,8666.0,10503.1,12218.71029,13144.82829,182.802824,23977.63712,2,27297,5708.217391,10185.09373,-1,0.0,-1,0.0,-1,0.0,-1,0.0
0,14992004,21,3806,85162,483399,30286.87677,317129.5,12189.33811,166732.3643,36.219307,7915.286042,21,85162,27660.52399,13924.82823,-1,0.0,-1,0.0,-1,0.0,-1,0.0
0,12846167,3,3,3405385,3368315,7999.562773,9572.40462,142041.4176,153352.9943,229.251262,453688.3259,1,3368315,4363.507813,103625.2655,4000256,4070986.0,4208380,119004.0609,3076179,3241172.667,3368315,149701.0461
0,14998254,15710,104,24685,103510,19997.12817,20147.78495,2751.403152,6169.521834,99.678269,11064.28788,61,24140,10038.99197,6979.155754,-1,0.0,-1,0.0,-1,0.0,-1,0.0
0,14449700,49,51,14261602,54802,1605522.222,17489.16667,4746139.473,25588.99183,1.176495,384.575458,6,14261602,903106.25,3562321.19,14449700,14400000.0,14449700,0.0,14261602,14300000.0,14261602,0.0
0,10074410,102,199,37164,9999856,18645.75,2509333.0,21364.01245,4993709.864,0.992614,347.315624,29,9999827,1119378.889,3330205.039,10074410,10100000.0,10074410,0.0,9999827,9999827.0,9999827,0.0
0,14993501,63,164,30166,28450,19632.6671,19780.34433,2295.973317,2326.677567,101.577343,12939.27282,43,20114,9851.183311,3158.57951,-1,0.0,-1,0.0,-1,0.0,-1,0.0
1,698266,4,29,133483,169872,48086.81818,47396.75,64912.46812,65359.69814,35.802975,8475.280194,4,169311,29094.41667,54354.63927,-1,0.0,-1,0.0,-1,0.0,-1,0.0
1,10078766,10039657,10039781,10039657,10039781,10000000.0,10000000.0,0.0,0.0,0.396874,21.431195,38985,10000672,3359588.667,5751346.876,10039657,10000000.0,10039657,0.0,10000672,10000000.0,10000672,0.0
0,14995681,114,2,38090,24171,19127.14413,19118.94005,4922.231867,3519.699625,104.696812,12191.11023,2,23282,9557.476737,6201.803978,-1,0.0,-1,0.0,-1,0.0,-1,0.0
0,14996257,168,4,36730,23562,19176.79923,19106.53827,4535.795123,3542.464466,104.559424,12218.24886,4,22877,9570.042757,5513.032593,-1,0.0,-1,0.0,-1,0.0,-1,0.0
0,14724958,2,1410,706166,7395080,915.902096,994707.0,13219.39897,2064380.755,1092.838431,44063.69105,2,706166,915.105214,13113.13623,-1,0.0,-1,0.0,-1,0.0,-1,0.0
1,10077373,10038927,10038961,10038927,10038961,10000000.0,10000000.0,0.0,0.0,0.396929,21.434157,38412,10000515,3359124.333,5751613.034,10038927,10000000.0,10038927,0.0,10000515,10000000.0,10000515,0.0
0,124015178,288,549,123918867,29467,17700000.0,17730.75,46800000.0,12952.92981,0.104826,19.876599,38,123918867,10300000.0,35800000.0,124015178,124000000.0,124015178,0.0,123918867,124000000.0,123918867,0.0
1,14811310,-1,20,-1,1887604,0.0,183444.5125,0.0,392960.6969,5.53631,2531.37636,20,1887604,182855.679,390532.9278,1657472,1830385.5,2117643,219942.112,1521723,1690157.25,1887604,150939.1395
1,14995870,3410,1882,28235,24436,19914.834,19894.57902,1730.529352,1922.188244,100.561021,11356.79357,341,19707,9950.809555,4199.101191,-1,0.0,-1,0.0,-1,0.0,-1,0.0
0,14985215,116,866,39217,28613,19089.44586,19083.02166,5139.472644,3506.589265,104.9034,12204.82989,13,28613,9538.647358,6264.986269,-1,0.0,-1,0.0,-1,0.0,-1,0.0
1,14480348,24628,24623,1765143,1585507,529570.7037,467108.0,664041.1344,550269.9002,4.143547,383.692436,18,1585507,245429.6271,452436.7845,2004419,2007538.429,2009423,1873.378086,1362564,1436000.429,1585507,99356.70617
1,10077066,10038511,10038448,10038511,10038448,10000000.0,10000000.0,0.0,0.0,0.396941,21.43481,38555,9999893,3359022.0,5751162.989,10038511,10000000.0,10038511,0.0,9999893,9999893.0,9999893,0.0
1,10907522,723,336860,10434561,10434485,3523838.0,5385672.5,5985245.177,7140099.111,0.641759,36.763621,53,10434432,1817920.333,4223264.406,10570662,10600000.0,10570662,0.0,10434432,10400000.0,10434432,0.0
1,482570,25,24463,266074,215946,160856.6667,120204.5,141475.2033,135398.9278,14.505668,8492.032244,25,216005,80428.33333,105403.5186,-1,0.0,-1,0.0,-1,0.0,-1,0.0
0,760649,90,2,303519,303804,50709.93333,47963.53333,85689.07161,86905.55132,42.069338,17550.80201,2,303519,24537.06452,63839.57083,-1,0.0,-1,0.0,-1,0.0,-1,0.0
0,14987899,136,2,43303,29577,19133.38697,19129.94253,5077.713531,3653.432951,104.617732,12199.17481,2,29577,9564.708998,6115.911392,-1,0.0,-1,0.0,-1,0.0,-1,0.0
1,1442710,19,22,1262401,1327758,172179.125,236256.5,441293.3104,535332.5711,11.09024,2754.538334,8,1262401,96180.66667,323219.9636,1326750,1326750.0,1326750,0.0,1262401,1262401.0,1262401,0.0
0,14420749,959513,959090,962890,963039,961342.7333,961336.9333,861.645848,1147.9211,2.219025,248.53078,476,961438,465185.4516,487494.4986,-1,0.0,-1,0.0,-1,0.0,-1,0.0
1,272921,272921,-1,272921,-1,272921.0,0.0,0.0,0.0,10.992192,3733.681175,1005,271916,136460.5,191563.0052,-1,0.0,-1,0.0,-1,0.0,-1,0.0
1,10076804,10038512,10038177,10038512,10038177,10000000.0,10000000.0,0.0,0.0,0.396951,21.435368,38292,9999885,3358934.667,5751231.696,10038512,10000000.0,10038512,0.0,9999885,9999885.0,9999885,0.0
1,14879630,187,109494,985468,1036425,371987.925,595183.96,231603.4295,334225.581,4.5028,284.617292,26,985433,225448.9394,234708.6274,-1,0.0,-1,0.0,-1,0.0,-1,0.0
1,132825,13,21,61071,65297,12465.0,16603.125,27176.04972,24663.84874,112.930548,26832.29814,13,65204,9487.5,19442.44314,-1,0.0,-1,0.0,-1,0.0,-1,0.0
0,2713756,5,9,2230430,2173346,123352.5455,132782.0,475446.9225,485452.3786,16.213691,23478.1609,3,2173346,63110.60465,332137.4741,2600717,2600717.0,2600717,0.0,2173346,2173346.0,2173346,0.0
0,25565,-1,-1,-1,-1,0.0,0.0,0.0,0.0,78.231958,4068.061803,25565,25565,25565.0,0.0,-1,0.0,-1,0.0,-1,0.0,-1,0.0
1,10429530,11,27,5220889,5220170,358765.6897,306000.2059,1119139.518,1038492.26,6.232304,1767.289609,11,5194585,162961.4063,761903.0132,1814534,3443428.0,5316512,1763713.141,1395738,3211802.0,5194585,1904903.161
0,14998764,116,2,41194,41268,18355.87868,16986.1427,5348.937748,5899.476645,113.409345,15468.67462,2,21761,8822.802353,5065.55619,-1,0.0,-1,0.0,-1,0.0,-1,0.0
1,272383,272383,-1,272383,-1,272383.0,0.0,0.0,0.0,11.013903,3741.055793,985,271398,136191.5,191210.866,-1,0.0,-1,0.0,-1,0.0,-1,0.0
0,14987837,181,5889,40568,24476,18888.65101,20002.84513,5958.07668,3488.125983,60.048691,6665.404755,113,24476,16671.67631,6328.34959,-1,0.0,-1,0.0,-1,0.0,-1,0.0
1,14332880,0,25,7720935,7637220,502458.4286,393822.75,1507385.718,1317786.279,4.604797,222.076791,0,7492477,220505.8462,968082.9239,3052198,6198164.5,9344131,4449068.491,2427493,4959985.0,7492477,3581484.533
1,14881075,14,29,745879,1077261,96630.35714,113267.8372,135644.8563,143186.8374,19.151842,3806.311036,0,609144,52398.15141,93537.57876,-1,0.0,-1,0.0,-1,0.0,-1,0.0
0,14983937,11514,56,26305,67697,20003.80774,20058.57028,2807.458604,5530.665321,99.973725,11097.0835,17,24182,10009.30995,7109.016441,-1,0.0,-1,0.0,-1,0.0,-1,0.0
0,14991511,5,78,81335,149444,17634.16353,49626.70432,7267.674567,31313.08704,76.910193,11000.3588,5,46569,13013.46441,7573.28225,-1,0.0,-1,0.0,-1,0.0,-1,0.0
1,14554465,26,198712,3097637,3136829,727723.25,1231890.818,996579.3024,1182654.562,2.267345,225.566519,22,2866885,454827.0313,776818.5497,3135625,4517111.333,6595288,1832034.411,2630213,2755409.0,2866885,118931.0207
1,14447607,959502,959661,961408,961504,960611.0667,960562.8667,489.239638,526.586089,2.2149,310.085954,38428,922656,466051.8387,448711.2278,-1,0.0,-1,0.0,-1,0.0,-1,0.0
0,14427445,960638,959798,964458,965183,961770.8667,961783.6667,1055.905324,1315.78842,2.217995,248.415433,479,963864,465401.4516,487755.9965,-1,0.0,-1,0.0,-1,0.0,-1,0.0
1,260014,188,55,259826,125535,130007.0,62795.0,183591.7905,88727.7589,23.075681,9718.707454,44,134192,52002.8,71142.66187,-1,0.0,-1,0.0,-1,0.0,-1,0.0
0,14992585,15557,78,24576,62733,19998.26569,20124.27517,2747.457697,5204.316749,99.782659,11075.87517,16,24340,10028.48495,6415.765904,-1,0.0,-1,0.0,-1,0.0,-1,0.0
0,11297862,9,14,11032638,11096770,802411.2857,1129786.2,2944533.015,3502177.47,2.30132,396.269666,9,11032638,451914.48,2204374.851,11259212,11300000.0,11259212,0.0,11032638,11000000.0,11032638,0.0
1,14999796,1287,150,26629,23137,19914.58566,19946.15027,1857.096011,1443.371901,100.468033,12117.23146,1,20833,9960.023904,7475.564287,-1,0.0,-1,0.0,-1,0.0,-1,0.0
0,14419852,960231,959224,963018,963829,961283.0667,961268.4667,679.415712,1188.146237,2.219163,248.54624,555,962361,465156.5161,487426.1655,-1,0.0,-1,0.0,-1,0.0,-1,0.0
0,84392,188,173,77773,39287,10530.875,8391.7,27177.57248,16034.3667,236.989288,40726.60916,34,39287,4441.684211,12114.8957,-1,0.0,-1,0.0,-1,0.0,-1,0.0
1,14982997,122,27,29773,50589,18267.32195,17380.06613,4571.474535,6844.909791,112.394069,14854.37126,8,21620,8902.553179,6871.230628,-1,0.0,-1,0.0,-1,0.0,-1,0.0
1,14991662,10866,84,867021,744813,293720.0588,197256.6316,193475.2071,214213.385,8.604783,569.516575,0,591452,117122.3594,126807.2376,-1,0.0,-1,0.0,-1,0.0,-1,0.0
0,14980188,60,34,22465,121630,18425.8155,43730.76833,4710.671117,26470.91746,77.168591,11754.32511,8,22465,12969.85974,7024.634131,-1,0.0,-1,0.0,-1,0.0,-1,0.0
0,10287267,529,524,183731,10009113,46363.66667,1707050.5,70746.24294,4067476.028,1.360906,396.606796,28,10009085,791328.2308,2769874.997,10287267,10300000.0,10287267,0.0,10009085,10000000.0,10009085,0.0
1,14988186,20,3546,1115983,1588864,217219.7101,299760.44,213837.5737,310793.3969,8.073025,1046.023848,15,1115983,124901.55,171419.5512,1661807,1661807.0,1661807,0.0,1115983,1115983.0,1115983,0.0
0,14999908,47,36,21998,185421,18450.07134,45082.51506,4743.344254,30206.30356,76.467136,11368.80306,34,21998,13088.92496,7195.261078,-1,0.0,-1,0.0,-1,0.0,-1,0.0
0,12099924,119,2,9850765,9850825,756158.8125,576134.9048,2443009.829,2141315.638,3.223161,1314.966937,2,9850593,318419.0526,1600802.609,10995566,11000000.0,10995566,0.0,9850593,9850593.0,9850593,0.0
1,14022550,14,18,9931386,9932154,349917.4,304280.5217,1623727.088,1515961.841,6.275606,1791.471594,2,9906118,161178.7356,1103495.856,3018903,6511371.5,10003840,4939096.319,2922466,6414292.0,9906118,4938187.687
1,11908762,11,20,10462656,10668891,12575.25026,8120.593338,340274.4055,281175.1169,200.692566,169203.8182,0,10462656,4984.83131,214241.8388,11032715,11000000.0,11032715,0.0,10462656,10500000.0,10462656,0.0
1,69867,7,30,46952,38532,11640.33333,11639.33333,19485.53586,15724.31232,200.380723,42609.52954,7,22802,5374.384615,8898.343882,-1,0.0,-1,0.0,-1,0.0,-1,0.0
0,14440079,2,841850,890913,12622316,1006.487698,6732083.0,18809.22941,8330047.394,993.831128,39765.29491,2,890913,1006.277282,18807.26868,-1,0.0,-1,0.0,-1,0.0,-1,0.0
1,9526087,3,11,5835284,5901116,220008.4651,167124.3333,911084.309,802530.8643,10.707439,2016.777718,3,5835284,94317.69307,598966.0667,1797435,3836595.0,5875755,2883807.728,1277731,3556507.5,5835284,3222676.632
1,10753641,4790428,4790431,5963185,5963167,5376806.5,5376799.0,829264.4274,829249.5781,0.557951,155.38923,25,5963142,2150728.2,2974006.745,4790431,5376799.0,5963167,829249.5781,4790403,5376772.5,5963142,829251.6995
1,14665892,41,0,2369364,2352510,82576.9887,80575.62637,298278.3241,291542.8642,24.614936,5698.323702,0,2349260,40738.58889,209878.2666,8052191,8052191.0,8052191,0.0,2349260,2349260.0,2349260,0.0
0,52064,-1,-1,-1,-1,0.0,0.0,0.0,0.0,38.414259,2957.897972,52064,52064,52064.0,0.0,-1,0.0,-1,0.0,-1,0.0,-1,0.0
1,6437314,7,8,5686909,5932914,10855.50422,5356.985383,233799.7344,173964.6736,273.095269,250412.0507,2,5686909,3663.809903,135844.4211,5995364,5995364.0,5995364,0.0,5686909,5686909.0,5686909,0.0
0,0,-1,-1,-1,-1,0.0,0.0,0.0,0.0,0.0,0.0,-1,-1,0.0,0.0,-1,0.0,-1,0.0,-1,0.0,-1,0.0
1,14998613,893,1278,22588,24438,19921.80027,19918.47676,1882.019558,1691.621078,100.409285,11320.71346,1,21377,9965.855814,6723.639703,-1,0.0,-1,0.0,-1,0.0,-1,0.0
0,14986920,234468,70,251450,26381,250018.9661,18525.24104,2101.468333,5110.456437,58.05062,5795.053286,10,26381,17246.16801,6803.566332,-1,0.0,-1,0.0,-1,0.0,-1,0.0
1,14984708,1032,1139,35311,24411,19932.03862,19923.00532,2031.434577,1567.800271,100.435724,11607.90053,20,20554,9963.236702,7348.263069,-1,0.0,-1,0.0,-1,0.0,-1,0.0
1,10076227,10037955,10037645,10037955,10037645,10000000.0,10000000.0,0.0,0.0,0.396974,21.436595,38272,9999373,3358742.333,5750954.857,10037955,10000000.0,10037955,0.0,9999373,9999373.0,9999373,0.0
0,0,-1,-1,-1,-1,0.0,0.0,0.0,0.0,0.0,0.0,-1,-1,0.0,0.0,-1,0.0,-1,0.0,-1,0.0,-1,0.0
0,14987016,23,70,28980,26642,19107.63393,19126.72414,3853.919878,3721.379182,104.69062,12348.95592,23,18610,9558.045918,2710.677703,-1,0.0,-1,0.0,-1,0.0,-1,0.0
1,10079491,10040118,10040308,10040118,10040308,10000000.0,10000000.0,0.0,0.0,0.396845,21.429654,39183,10000935,3359830.333,5751365.351,10040118,10000000.0,10040118,0.0,10000935,10000000.0,10000935,0.0
0,14999860,15678,82,24703,50281,19999.81333,20060.93039,2789.807339,4947.672454,99.934266,11092.70353,14,24646,10013.25768,5941.802109,-1,0.0,-1,0.0,-1,0.0,-1,0.0
1,14950325,5,821,3905415,4161203,353703.4878,533938.2857,698038.2275,839131.6002,4.749061,1290.607395,5,3905415,213576.0714,503092.0409,4161708,6612724.5,9063741,3466260.776,1041548,2473481.5,3905415,2025059.776
0,14428774,960298,960427,964714,965207,961877.6667,961871.0,1263.755128,1396.405513,2.217791,248.392552,487,963962,465444.3226,487854.2928,-1,0.0,-1,0.0,-1,0.0,-1,0.0
1,10077702,10038657,10038757,10038657,10038757,10000000.0,10000000.0,0.0,0.0,0.396916,21.433458,38945,9999712,3359234.0,5750822.641,10038657,10000000.0,10038657,0.0,9999712,9999712.0,9999712,0.0
1,35,-1,-1,-1,-1,0.0,0.0,0.0,0.0,57142.85714,2628571.429,35,35,35.0,0.0,-1,0.0,-1,0.0,-1,0.0,-1,0.0
0,7540514,27,5,7284615,7239928,683220.9091,341611.8182,2189694.144,1540913.401,4.641593,1692.590187,5,7214139,221779.8235,1235657.457,7331370,7331370.0,7331370,0.0,7214139,7214139.0,7214139,0.0
0,14709803,314,22,7804961,7764621,913469.625,544807.5185,2109384.936,1655520.166,3.059184,582.672657,10,7739359,334313.7045,1308212.239,2376002,4853499.0,7838983,2766690.884,2325984,4556261.667,7739359,2829674.223
1,8394789,25,542,7225002,7603342,466377.1667,1344133.833,1692833.327,3070662.113,3.097159,1046.244283,20,6895642,335791.56,1373270.649,7225002,7225002.0,7225002,0.0,6895642,6895642.0,6895642,0.0
1,2790375,11,22,2650764,2676473,340599.125,553007.6,933616.1592,1187356.455,5.375622,1405.54585,10,2650764,199312.5,705827.9367,2676148,2676148.0,2676148,0.0,2650764,2650764.0,2650764,0.0
1,10990906,4,28,5569801,5574195,439610.12,392532.3571,1275636.092,1212276.38,5.004137,1050.140907,4,5569801,203535.2963,883879.9441,2460867,3562573.333,5575937,1746211.498,2410809,3525725.333,5569801,1772656.316
1,1236985,1236985,-1,1236985,-1,1236985.0,0.0,0.0,0.0,1.616834,84.075393,1236985,1236985,1236985.0,0.0,1236985,1236985.0,1236985,0.0,1236985,1236985.0,1236985,0.0
1,474475,43,14163,256264,217262,118618.75,115712.5,137785.0626,143612.6801,16.860741,13522.31414,43,216911,67782.14286,101992.0566,-1,0.0,-1,0.0,-1,0.0,-1,0.0
0,13092354,52,2,2664757,2613486,290938.2444,225724.1034,670607.0426,601150.5639,8.019948,2432.030176,2,2613486,125888.0192,458695.9357,2000456,2595698.6,2988267,438371.3699,1732544,2056281.8,2613486,365546.8012
1,14535297,32070,32085,1699747,1518489,531539.2222,468880.5484,627246.1427,519260.6774,4.127883,382.792316,22,1518489,246360.9661,431797.5261,2003231,2007867.714,2011745,3176.519018,1307127,1374125.0,1518489,98005.66594
0,2639933,5932,19402,2524672,2523402,860777.3333,867257.0,1441156.971,1434400.064,3.03038,409.480089,96,2465801,377133.2857,921323.8734,2523402,2523402.0,2523402,0.0,2465801,2465801.0,2465801,0.0
1,14992096,312,1208,22579,32937,19924.75133,19919.7992,1716.439158,1875.469237,100.452932,11578.7012,10,20847,9961.525581,5171.290685,-1,0.0,-1,0.0,-1,0.0,-1,0.0
0,14985052,5620,15564,24637,24650,20003.87316,19998.04406,3141.225219,2735.871133,100.099753,11111.07255,15,22832,9996.699133,6513.927779,-1,0.0,-1,0.0,-1,0.0,-1,0.0
0,121170,50,19,37046,48913,20195.0,10493.0,17845.01669,19602.3172,115.54015,76264.752,19,33046,9320.769231,12930.68918,-1,0.0,-1,0.0,-1,0.0,-1,0.0
1,579,579,-1,579,-1,579.0,0.0,0.0,0.0,3454.231434,138169.2573,579,579,579.0,0.0,-1,0.0,-1,0.0,-1,0.0,-1,0.0
0,14084363,41,11,5284492,5245695,212895.8182,129214.3395,771202.6,601784.7732,12.567129,2222.748732,7,5220428,80024.78977,473380.0607,2970384,4650433.667,7035190,2122055.741,1916550,3316745.0,5220428,1708516.194
0,109411620,169,2,108563692,403563,9946510.909,83032.55556,32700000.0,130263.676,0.201076,66.565142,2,108563692,5210077.143,23700000.0,109411620,109000000.0,109411620,0.0,108563692,109000000.0,108563692,0.0
1,14444097,959480,959527,961072,961017,960320.3333,960265.2667,477.697329,433.69327,2.215438,310.161307,39082,921872,465938.6129,447908.0134,-1,0.0,-1,0.0,-1,0.0,-1,0.0
0,14985837,5908,15710,24728,25893,20007.49132,20000.84913,3184.258554,2737.97496,100.094509,11110.49053,13,23074,9997.222815,6684.563002,-1,0.0,-1,0.0,-1,0.0,-1,0.0
0,6561435,3,18,1446505,1496520,1774.532324,10337.03175,24304.70266,60473.15954,659.764213,46432.52581,3,1446505,1516.043207,22435.00057,6277310,6277310.0,6277310,0.0,1446505,1446505.0,1446505,0.0
0,10403066,401617,400781,4641356,4642178,2080613.2,2000213.2,1574588.768,1630826.769,1.153506,52.965155,285,4641356,945733.2727,1447585.984,2003315,3333816.333,4641730,1319352.523,2003030,2882491.0,4641356,1523221.772
1,2397025,54,850,228745,371674,124173.3684,199747.5833,79093.34944,165323.9254,13.767065,1318.717994,54,228745,74907.03125,81682.39277,-1,0.0,-1,0.0,-1,0.0,-1,0.0
1,353866,16,7,327907,121490,35386.6,11199.90909,103089.4994,36580.02092,64.996355,48538.14721,4,205018,16084.81818,49640.2765,-1,0.0,-1,0.0,-1,0.0,-1,0.0
1,202121,202121,-1,202121,-1,202121.0,0.0,0.0,0.0,14.842594,865.818,40529,161592,101060.5,85604.46825,-1,0.0,-1,0.0,-1,0.0,-1,0.0
1,14968160,83,7,272054,414297,98205.30921,13904.25258,62859.26194,45982.65806,81.439536,97387.78848,7,216362,12289.12972,32437.97739,-1,0.0,-1,0.0,-1,0.0,-1,0.0
0,14998629,106,2,37355,42113,18358.17503,16926.21582,5232.46483,6287.428083,113.610384,15526.55246,2,29084,8807.180857,4794.401124,-1,0.0,-1,0.0,-1,0.0,-1,0.0
1,10076726,10038395,10037610,10038395,10037610,10000000.0,10000000.0,0.0,0.0,0.396954,21.435534,38331,9999279,3358908.667,5750729.413,10038395,10000000.0,10038395,0.0,9999279,9999279.0,9999279,0.0
0,14449393,50,50,14261367,50790,1605488.111,16995.0,4746060.198,24389.79463,1.17652,384.583629,4,14261367,903087.0625,3562261.289,14449393,14400000.0,14449393,0.0,14261367,14300000.0,14261367,0.0
0,14999850,17,337,41322,25264,19132.46174,19151.67903,3825.515602,3644.230167,104.534379,12260.05593,9,20995,9572.335673,7367.343343,-1,0.0,-1,0.0,-1,0.0,-1,0.0
0,4637216,9,0,2168310,2393420,36801.44444,5285.467354,258118.4704,104661.6373,215.862276,261614.5118,0,2168310,4637.216,92059.85,2216912,2305450.5,2393989,125212.3475,1933910,2051110.0,2168310,165745.8295
1,14847999,70,9,256010,278817,105304.9574,15203.95938,76428.90889,49652.88569,74.286104,88519.94131,7,219447,13473.6833,37398.45916,-1,0.0,-1,0.0,-1,0.0,-1,0.0
1,14447905,959346,956313,961782,964779,960657.0667,960657.8,725.016253,1780.351237,2.214854,310.079558,37917,923693,466061.4516,448943.6228,-1,0.0,-1,0.0,-1,0.0,-1,0.0
1,66304,26,204,27700,26394,7367.111111,7085.25,11336.39157,12885.24699,226.230695,77642.37452,12,26225,4736.0,9294.025074,-1,0.0,-1,0.0,-1,0.0,-1,0.0
1,154138,-1,-1,-1,-1,0.0,0.0,0.0,0.0,12.975386,655.256978,154138,154138,154138.0,0.0,-1,0.0,-1,0.0,-1,0.0,-1,0.0
0,9020133,2,68,8306414,8306004,819908.9091,1002237.0,2484214.199,2740013.303,2.438988,710.521674,2,8306004,429530.1429,1805799.53,8663291,8663291.0,8663291,0.0,8306004,8306004.0,8306004,0.0
1,304,29,-1,275,-1,152.0,0.0,173.945394,0.0,9868.421053,766447.3684,29,275,152.0,173.945394,-1,0.0,-1,0.0,-1,0.0,-1,0.0
0,52564,-1,-1,-1,-1,0.0,0.0,0.0,0.0,38.048855,2929.761814,52564,52564,52564.0,0.0,-1,0.0,-1,0.0,-1,0.0,-1,0.0
1,14425193,11,9,5723469,5931810,12235.10857,6223.742995,224262.5182,168354.08,240.204758,219746.7306,2,5723469,4164.316686,130926.8262,3998408,4665281.667,5998592,1154680.64,3546299,4333237.333,5723469,1207472.334
1,11494125,3,9,8577654,8577785,498649.3913,369960.0323,1799335.661,1556650.284,4.872054,1332.245821,3,8552453,208984.0909,1170425.272,1347248,3796787.0,8656728,4208877.857,1241867,3696115.0,8552453,4205792.933
0,28208,121,136,28087,136,14104.0,136.0,19774.94822,0.0,177.25468,90506.23937,8,28064,7052.0,14008.07673,-1,0.0,-1,0.0,-1,0.0,-1,0.0
1,10079173,10039892,10039976,10039892,10039976,10000000.0,10000000.0,0.0,0.0,0.396858,21.43033,39197,10000695,3359724.333,5751249.303,10039892,10000000.0,10039892,0.0,10000695,10000000.0,10000695,0.0
0,14997198,92,5754,67337,25381,20049.72995,19989.49399,5040.917316,3496.163423,99.952004,11094.67249,90,24034,10011.48064,4262.363523,-1,0.0,-1,0.0,-1,0.0,-1,0.0
1,124455,10,20,45255,79071,6507.285714,14279.16667,17086.20841,31845.43137,120.525491,27704.7929,10,78904,8889.642857,22634.48356,-1,0.0,-1,0.0,-1,0.0,-1,0.0
1,10078199,10038807,10039765,10038807,10039765,10000000.0,10000000.0,0.0,0.0,0.396896,21.432401,38434,10000373,3359399.667,5751251.632,10038807,10000000.0,10038807,0.0,10000373,10000000.0,10000373,0.0
0,10601084,44,0,4879874,4930199,278975.8947,405810.0385,928145.6076,1121405.341,6.225778,2674.066162,0,4879874,163093.6,718250.2094,1584995,3462975.0,5044781,1748805.041,1087853,3010589.667,4879874,1896575.514
0,14999298,30,199,20997,24320,19658.31979,19611.06414,2193.773507,2742.678422,101.938104,13080.87885,30,19013,9816.294503,4176.248024,-1,0.0,-1,0.0,-1,0.0,-1,0.0
1,274658,-1,-1,-1,-1,0.0,0.0,0.0,0.0,7.281783,356.807375,274658,274658,274658.0,0.0,-1,0.0,-1,0.0,-1,0.0,-1,0.0
0,56162,-1,-1,-1,-1,0.0,0.0,0.0,0.0,35.611267,2742.06759,56162,56162,56162.0,0.0,-1,0.0,-1,0.0,-1,0.0,-1,0.0
0,14163215,85,1,2886351,2886550,236050.5833,183935.5455,533311.3778,480363.8654,9.814156,2924.194824,1,2886207,102631.9928,368314.9207,2988006,4673664.667,7010013,2088464.234,1860512,2220228.0,2886207,577373.646
1,14440422,959135,958925,961337,960763,960062.8667,960011.8,583.527985,565.375059,2.216002,310.240241,39269,921342,465820.0645,447324.7692,-1,0.0,-1,0.0,-1,0.0,-1,0.0
1,24,24,-1,24,-1,24.0,0.0,0.0,0.0,83333.33333,5625000.0,24,24,24.0,0.0,-1,0.0,-1,0.0,-1,0.0,-1,0.0
1,14237967,144673,797,7730004,7690752,1420084.3,1095219.923,2581671.199,2304640.458,1.755869,215.129028,22,7690624,593248.625,1753062.095,5056905,6963066.5,8869228,2695719.445,4416497,6053560.5,7690624,2315157.404
1,12198408,20,21,12046636,12006996,1348067.889,1106620.909,4012005.707,3615335.007,1.803514,469.24156,20,11981391,580876.5714,2612263.666,12089812,12100000.0,12089812,0.0,11981391,12000000.0,11981391,0.0
0,14990644,73,17,124050,41596,47787.86859,17460.47669,27233.40958,6457.945858,78.182098,11833.64771,0,40774,12801.57472,7476.97356,-1,0.0,-1,0.0,-1,0.0,-1,0.0
1,13301471,115,952,5011723,5278772,1003262.615,1209224.636,1404259.32,1563793.096,1.954671,181.634046,10,5011723,532058.84,1103669.679,1613856,3188146.5,6040166,2013084.631,1346755,2585253.25,5011723,1646353.952
0,14999840,64,52,21561,116651,18028.65385,40479.59079,4661.615429,22593.88654,80.200855,13444.47674,52,21511,12479.06822,7346.05714,-1,0.0,-1,0.0,-1,0.0,-1,0.0
1,10099011,13,13,8250271,8250550,251819.075,197519.6863,1308168.375,1160009.002,9.208823,2513.612472,5,8225076,109771.8587,862350.7233,8333243,8333243.0,8333243,0.0,8225076,8225076.0,8225076,0.0
1,23,23,-1,23,-1,23.0,0.0,0.0,0.0,86956.52174,5869565.217,23,23,23.0,0.0,-1,0.0,-1,0.0,-1,0.0,-1,0.0
0,14995940,110,3,36486,31352,18320.44621,17021.68068,5276.971626,5788.00413,113.364017,15489.6592,3,23647,8826.333137,6302.428354,-1,0.0,-1,0.0,-1,0.0,-1,0.0
0,14993909,15650,67,24603,74213,19996.57944,19991.87867,2737.278417,5237.161429,100.107317,11111.91218,56,23917,9995.939333,5846.607103,-1,0.0,-1,0.0,-1,0.0,-1,0.0
0,14999983,110,2,37235,34424,19143.57344,19181.56394,4747.372132,3521.266155,104.466785,12064.74701,2,21521,9578.533206,4941.832696,-1,0.0,-1,0.0,-1,0.0,-1,0.0
0,14995565,106,513,31812,25316,19225.02564,19231.72272,3321.471344,4360.091219,104.097445,11230.72055,11,23937,9612.541667,5150.707923,-1,0.0,-1,0.0,-1,0.0,-1,0.0
0,12221397,65,50,3656834,3656699,554359.4091,555432.5909,969366.5173,969270.6021,3.76389,1491.891639,50,3631287,271586.6,717433.814,1431594,3048976.75,4600283,1423322.583,1357492,2348661.5,3631287,944579.8559
1,13544562,6,30,7699479,7660157,198814.0588,180243.8667,1011141.272,956153.2773,10.705403,3453.120153,6,7634177,94059.45833,690863.7862,1720190,4419261.667,8260344,3416364.275,1485829,4037710.333,7634177,3204514.733
1,23,-1,-1,-1,-1,0.0,0.0,0.0,0.0,86956.52174,4565217.391,23,23,23.0,0.0,-1,0.0,-1,0.0,-1,0.0,-1,0.0
0,32796,194,-1,32602,-1,16398.0,0.0,22915.91654,0.0,91.47457,4604.220027,194,32602,16398.0,22915.91654,-1,0.0,-1,0.0,-1,0.0,-1,0.0
1,10079112,10040113,10039983,10040113,10039983,10000000.0,10000000.0,0.0,0.0,0.39686,21.430459,38999,10000984,3359704.0,5751517.194,10040113,10000000.0,10040113,0.0,10000984,10000000.0,10000984,0.0
0,0,-1,-1,-1,-1,0.0,0.0,0.0,0.0,0.0,0.0,-1,-1,0.0,0.0,-1,0.0,-1,0.0,-1,0.0,-1,0.0
1,14022101,65,46,12262555,12199238,701105.05,498524.75,2733041.488,2303115.524,3.565799,612.889609,46,12199238,286165.3265,1744684.787,1443634,6992091.0,12540548,7846703.14,1109101,6654169.5,12199238,7841911.077
1,2294,2294,-1,2294,-1,2294.0,0.0,0.0,0.0,871.839582,34873.58326,2294,2294,2294.0,0.0,-1,0.0,-1,0.0,-1,0.0,-1,0.0
1,14446435,959727,956364,961457,964359,960428.7333,960533.3333,506.622706,1807.444256,2.215079,310.11111,38386,922936,466014.0323,448156.5976,-1,0.0,-1,0.0,-1,0.0,-1,0.0
0,14998934,4,4,1249651,1249606,1235.187598,938.664059,12893.17416,11247.05984,1875.066588,3369029.559,1,1249598,533.333357,8489.404973,9310538,9310538.0,9310538,0.0,1249598,1249598.0,1249598,0.0
0,2986351,7,7,896522,896546,93323.46875,69583.95238,229089.2463,197285.2301,25.449118,4504.828803,3,870956,39818.01333,146977.0054,-1,0.0,-1,0.0,-1,0.0,-1,0.0
0,104340106,153,221,104159447,69507,11600000.0,31125.0,34700000.0,31232.26641,0.153345,42.323131,23,104159447,6956007.067,26900000.0,104340106,104000000.0,104340106,0.0,104159447,104000000.0,104159447,0.0
0,14381558,237,1076,3794987,5749435,958710.9333,958770.5333,943647.3822,1386571.406,2.225072,560.092307,78,3794226,463921.2258,796986.1495,1955209,2876739.5,3798270,1303240.931,1955209,2874717.5,3794226,1300381.391
0,53196,-1,-1,-1,-1,0.0,0.0,0.0,0.0,37.596812,2894.954508,53196,53196,53196.0,0.0,-1,0.0,-1,0.0,-1,0.0,-1,0.0
1,10087323,45,51,10005721,10031391,2012336.2,2515174.0,4468459.752,5010825.653,1.090478,301.864033,17,10005721,1008732.3,3161243.103,10061681,10100000.0,10061681,0.0,10005721,10000000.0,10005721,0.0
1,10077331,10038477,10038586,10038477,10038586,10000000.0,10000000.0,0.0,0.0,0.39693,21.434247,38745,9999732,3359110.333,5750947.061,10038477,10000000.0,10038477,0.0,9999732,9999732.0,9999732,0.0
0,113697707,98,1,108557576,5003147,14200000.0,729046.0,38200000.0,1884846.68,0.149519,68.752486,1,108557576,7106106.688,27100000.0,5041625,56800000.0,108656082,73300000.0,4962799,56800000.0,108557576,73300000.0
0,12165891,10,16,5395253,5332140,217248.0536,287218.6429,955504.7375,1091089.015,8.219702,1436.886127,6,5332140,122887.7879,717022.3615,5282197,5325959.0,5369721,61888.81391,4735937,5034038.5,5332140,421579.1843
0,14993985,13338,5616,28649,24465,19997.44459,19991.98,2816.331832,3157.143754,100.106809,11111.85585,19,23443,9995.99,5497.340188,-1,0.0,-1,0.0,-1,0.0,-1,0.0
0,14996025,64,14,76008,76557,53942.53597,17889.6479,14731.27554,26575.62119,74.353037,397342.6291,4,42604,13461.4228,15325.53136,-1,0.0,-1,0.0,-1,0.0,-1,0.0
1,172710,-1,-1,-1,-1,0.0,0.0,0.0,0.0,11.580105,497.944531,172710,172710,172710.0,0.0,-1,0.0,-1,0.0,-1,0.0,-1,0.0
1,59,-1,-1,-1,-1,0.0,0.0,0.0,0.0,33898.30509,2322033.898,59,59,59.0,0.0,-1,0.0,-1,0.0,-1,0.0,-1,0.0
1,14990043,175,3038,4125364,4518532,890390.3125,868996.7333,1030772.999,1084884.341,2.201461,139.092329,18,4125364,468438.8438,817348.8968,1019592,3747510.75,5126020,1869091.635,1006822,2026685.75,4125364,1467877.755
1,12452162,12,17,9924990,9925317,310661.65,303086.1951,1581511.146,1562366.193,6.665509,1996.36015,3,9899826,151855.6341,1104999.769,1707831,5854421.0,10001011,5864163.816,1603741,5751783.5,9899826,5866217.961
1,14299120,14,44,867543,1312068,233598.1475,343332.1951,250886.8512,289485.8,7.273175,2858.427651,11,867543,138826.4078,178757.4002,-1,0.0,-1,0.0,-1,0.0,-1,0.0
1,10622513,19,4073,5022423,4979764,348048.5,505833.9524,908977.0589,1048960.198,4.989403,389.455866,19,4979722,204279.0962,692774.5408,6037265,6037265.0,6037265,0.0,4979722,4979722.0,4979722,0.0
0,13993334,4,12,2861867,2861691,317462.8636,253964.6,746655.2777,677956.4634,7.217722,2545.569197,4,2836334,139933.34,510111.4022,2124549,2771791.0,3513280,543384.6833,1651047,2281580.8,2836334,511420.9717
0,3098673,0,12,249030,248979,149.542638,74.743271,2696.427308,2175.833773,19841.39662,19500000.0,0,248961,50.400498,1565.632978,-1,0.0,-1,0.0,-1,0.0,-1,0.0
1,5271646,68,283,5005419,170362,753092.2857,75624.5,1875741.632,70359.63132,2.466023,284.351415,13,4835958,439303.8333,1385822.297,5271578,5271578.0,5271578,0.0,4835958,4835958.0,4835958,0.0
1,6832708,1188,243939,5092557,5312809,854081.375,1358749.2,1725623.088,2220145.67,2.195323,276.02526,42,5092557,488050.5714,1338957.593,6314959,6314959.0,6314959,0.0,5092557,5092557.0,5092557,0.0
1,1301009,2,17,231368,202758,13552.17708,6095.793103,50097.98392,33138.5033,209.0685,186231.6095,1,201387,4800.771218,29291.47642,-1,0.0,-1,0.0,-1,0.0,-1,0.0
0,2355848,713,76,1972638,2047794,261760.8889,325615.7143,642125.1918,759805.4207,7.640561,930.450521,44,1972638,138579.2941,473258.5058,2169338,2169338.0,2169338,0.0,1972638,1972638.0,1972638,0.0
1,9015841,138712,209,1407683,1407666,321994.3214,247735.6,293200.7386,261365.1611,7.209533,777.076703,23,1407606,140872.5156,224224.431,4173322,4173322.0,4173322,0.0,1407606,1407606.0,1407606,0.0
1,18652724,18652655,-1,18652655,-1,18700000.0,0.0,0.0,0.0,0.160834,45.51614,69,18652655,9326362.0,13200000.0,18652724,18700000.0,18652724,0.0,18652655,18700000.0,18652655,0.0
1,1840655,1800440,1840655,1800440,1840655,1800440.0,1840655.0,0.0,0.0,2.173139,115.176391,851,1800440,613551.6667,1028055.811,1839804,1839804.0,1839804,0.0,1800440,1800440.0,1800440,0.0
1,14995125,0,22,8125023,8406878,151465.9091,187024.9114,816636.693,942756.4283,12.003901,6764.931936,0,8125023,83771.64805,610062.5232,14751597,14800000.0,14751597,0.0,8125023,8125023.0,8125023,0.0
0,2379288,103,1,2119952,2184336,297411.0,257505.6667,737107.7707,723040.6725,7.985582,2882.795189,1,2119952,132182.6667,496771.0494,2310749,2310749.0,2310749,0.0,2119952,2119952.0,2119952,0.0
0,30507,30507,-1,30507,-1,30507.0,0.0,0.0,0.0,98.338086,92470.58052,2006,28501,15253.5,18734.79414,-1,0.0,-1,0.0,-1,0.0,-1,0.0
0,0,-1,-1,-1,-1,0.0,0.0,0.0,0.0,0.0,0.0,-1,-1,0.0,0.0,-1,0.0,-1,0.0,-1,0.0,-1,0.0
1,650917,346,32,134346,139012,52418.2,47549.36364,65213.38278,60050.36496,35.334766,6432.46374,13,127874,29587.13636,50150.76816,-1,0.0,-1,0.0,-1,0.0,-1,0.0
1,11969372,0,0,3747410,3778692,260203.7391,256396.8913,674928.1059,683716.8799,7.853378,2038.95409,0,3747410,128702.9247,486755.6921,2696890,4448972.5,6201055,2477818.834,2613114,3180262.0,3747410,802068.3935
0,211830,91,91,94234,58313,26478.75,19694.0,37617.34047,29219.36523,75.532266,28626.72898,9,56591,14122.0,23815.17521,-1,0.0,-1,0.0,-1,0.0,-1,0.0
0,54959,-1,-1,-1,-1,0.0,0.0,0.0,0.0,36.390764,3675.467166,54959,54959,54959.0,0.0,-1,0.0,-1,0.0,-1,0.0,-1,0.0
1,12455800,404,0,5891347,5891299,1216121.2,958138.4615,2011248.417,1825432.567,2.007097,841.294818,0,5891266,518991.6667,1390002.725,2513169,4068890.0,5959590,1747458.905,1407633,3662291.0,5891266,2241926.835
1,174243,-1,-1,-1,-1,0.0,0.0,0.0,0.0,11.478223,493.563586,174243,174243,174243.0,0.0,-1,0.0,-1,0.0,-1,0.0,-1,0.0
1,14587654,3,33,6405304,6208143,246204.8421,468894.7097,872558.0209,1127333.939,6.169601,2522.269859,3,5934038,163906.2247,639815.1036,12093735,12100000.0,12093735,0.0,5934038,5934038.0,5934038,0.0
1,14539246,236,15396,7169389,7305792,969283.0667,1792395.0,1860745.126,2397241.557,1.719484,107.02068,17,7169389,605801.9167,1524078.965,7097012,7201395.0,7305778,147619.8543,2852389,5010889.0,7169389,3052579.974
1,92,92,-1,92,-1,92.0,0.0,0.0,0.0,21739.13044,869565.2174,92,92,92.0,0.0,-1,0.0,-1,0.0,-1,0.0,-1,0.0
1,781,781,-1,781,-1,781.0,0.0,0.0,0.0,2560.819462,102432.7785,781,781,781.0,0.0,-1,0.0,-1,0.0,-1,0.0,-1,0.0
0,8118737,88,1,7773559,7878827,1353122.833,1598590.2,3145865.87,3511103.962,1.601234,884.127667,1,7773559,676561.4167,2235402.038,7992514,7992514.0,7992514,0.0,7773559,7773559.0,7773559,0.0
1,14866086,41,40,11454589,11494618,929130.375,1122849.154,2818316.912,3127621.455,2.085283,225.143323,20,11454553,495536.2,2077844.971,11763017,11800000.0,11763017,0.0,11454553,11500000.0,11454553,0.0
1,60,-1,-1,-1,-1,0.0,0.0,0.0,0.0,33333.33333,21600000.0,60,60,60.0,0.0,-1,0.0,-1,0.0,-1,0.0,-1,0.0
0,11620546,16,2,11407231,11405486,1444282.875,893888.1538,4025730.32,3158409.494,1.979253,279.677048,2,11405384,528206.6364,2429515.241,11487353,11500000.0,11487353,0.0,11405384,11400000.0,11405384,0.0
0,0,-1,-1,-1,-1,0.0,0.0,0.0,0.0,0.0,0.0,-1,-1,0.0,0.0,-1,0.0,-1,0.0,-1,0.0,-1,0.0
1,14971890,10,33,3209819,3528153,207255.4861,382617.0256,499163.6635,707300.9032,7.547477,3579.441206,9,3209819,133677.5893,404869.2745,1129630,1986558.167,3631552,881577.5556,1051569,1535979.0,3209819,838372.528
1,235085,235085,-1,235085,-1,235085.0,0.0,0.0,0.0,12.761342,1012.39977,102,234983,117542.5,166085.9479,-1,0.0,-1,0.0,-1,0.0,-1,0.0
1,11761751,424658,7386,5416243,5833528,2940428.25,2940427.75,2785391.941,3266289.706,0.850214,187.812172,25,5416243,1306861.222,2299467.124,5416281,5563410.0,5710539,208071.8272,5285881,5351062.0,5416243,92179.8542
1,14127482,212,1,8214111,7984232,1156672.25,642158.2727,2338770.869,1713174.28,2.548225,1097.152345,1,7984232,403642.3429,1381164.738,2113638,4626540.667,9234328,3995930.786,1415739,3735820.667,7984232,3684442.502
0,12739942,327,96,7533602,7614350,424664.7333,275511.8261,1357794.488,1117004.137,6.122477,880.930227,29,7533602,165453.7922,860643.9368,10332883,10300000.0,10332883,0.0,7533602,7533602.0,7533602,0.0
1,173679,-1,-1,-1,-1,0.0,0.0,0.0,0.0,11.515497,495.16637,173679,173679,173679.0,0.0,-1,0.0,-1,0.0,-1,0.0,-1,0.0
1,18,18,-1,18,-1,18.0,0.0,0.0,0.0,111111.1111,4444444.444,18,18,18.0,0.0,-1,0.0,-1,0.0,-1,0.0,-1,0.0
0,264025,201,201,169604,192650,33003.125,48338.2,56363.64158,81552.29003,56.812802,16604.48821,35,169604,18858.92857,44667.33174,-1,0.0,-1,0.0,-1,0.0,-1,0.0
1,5327047,18,2486,2325427,2143601,220355.8333,355133.8667,455209.8932,520397.7432,7.696572,703.391579,18,2143601,133176.175,336320.1323,4297922,4297922.0,4297922,0.0,2143601,2143601.0,2143601,0.0
1,1228,42,50,1031,1066,387.0,403.333333,558.193963,574.307264,6514.65798,3661237.785,18,999,175.428571,363.663469,-1,0.0,-1,0.0,-1,0.0,-1,0.0
1,14201984,17,124,3260832,2980298,458127.8065,710097.15,668510.8034,733850.9201,3.731873,1570.907276,17,2980298,273115.0769,497796.0646,4163674,6985704.0,9807734,3990953.099,1618986,2299642.0,2980298,962592.9465
1,178526,8,12,49710,65805,8066.928571,11750.23077,15286.73709,20386.59108,162.441325,62847.98853,8,65589,6375.928571,14672.84787,-1,0.0,-1,0.0,-1,0.0,-1,0.0
1,14760748,15,46,9870427,10365581,732736.25,1067390.231,2179810.857,2813538.834,2.371154,969.734054,10,9870405,434139.6471,1685174.811,11341747,11300000.0,11341747,0.0,9870405,9870405.0,9870405,0.0
0,127887,3,2,26406,29123,7901.0,7867.153846,11674.92744,12089.8342,218.943286,86740.63822,2,25614,4736.555556,9615.098179,-1,0.0,-1,0.0,-1,0.0,-1,0.0
0,14999979,66,2,7888807,7888759,499999.3,381353.1081,1517576.676,1373100.299,4.600006,1673.66901,2,7888556,220587.9265,1027275.916,1999147,4230978.667,8001898,3284029.237,1883870,4114559.333,7888556,3286397.972
1,13,-1,-1,-1,-1,0.0,0.0,0.0,0.0,153846.1538,7076923.077,13,13,13.0,0.0,-1,0.0,-1,0.0,-1,0.0,-1,0.0
1,13990130,3,19,4779199,4783125,171085.284,141439.6429,587633.638,536230.7753,12.937693,4064.293899,3,4649149,77722.94444,381926.4683,1699481,3383272.5,5702929,1689972.178,1023626,1990425.25,4649149,1773598.049
1,12816049,449,141219,4770079,4719103,443300.8214,480587.7308,853320.6719,866522.2568,4.369521,714.884907,23,4425269,233019.0727,596817.4238,9764133,9764133.0,9764133,0.0,4425269,4425269.0,4425269,0.0
0,3185752,1,3,1403821,1350840,1290.300527,1144.521157,33825.42275,31535.91191,1643.567986,3138609.032,1,1350840,608.548615,22630.90338,1912703,1912703.0,1912703,0.0,1350840,1350840.0,1350840,0.0
0,13946295,2,2,9805583,9805589,386700.4444,290025.4167,1648575.285,1432479.898,6.166512,1581.280189,2,9780494,164074.0588,1077556.67,3701667,6871269.5,10040872,4482494.843,1670890,5725692.0,9780494,5734355.981
1,425,425,-1,425,-1,425.0,0.0,0.0,0.0,4705.882353,188235.2941,425,425,425.0,0.0,-1,0.0,-1,0.0,-1,0.0,-1,0.0
0,12930764,1638,12153,12296201,12293994,2148223.5,1839999.143,4974391.562,4611225.8,1.160024,105.330203,717,12246951,923626.0,3260290.524,12741529,12700000.0,12741529,0.0,12246951,12200000.0,12246951,0.0
1,6,-1,-1,-1,-1,0.0,0.0,0.0,0.0,333333.3333,15300000.0,6,6,6.0,0.0,-1,0.0,-1,0.0,-1,0.0,-1,0.0
1,14741109,796,232884,9286825,9092616,921313.9375,1133929.308,2246449.484,2402648.792,2.102963,128.077202,28,8817229,491370.3,1582423.384,14465694,14500000.0,14465694,0.0,8817229,8817229.0,8817229,0.0
1,1659230,25,36,1159166,189522,110615.3333,58788.11111,294468.6663,85558.53413,15.669919,3772.231698,8,987612,66369.2,198774.2455,-1,0.0,-1,0.0,-1,0.0,-1,0.0
1,12813751,27,26,3843481,3967888,854248.6,854248.6667,1388188.655,1410209.524,2.497317,669.202952,8,3843481,413346.8065,1041344.046,2262617,3173619.5,4478196,944996.5365,2262584,3014918.25,3843481,664625.8495
0,0,-1,-1,-1,-1,0.0,0.0,0.0,0.0,0.0,0.0,-1,-1,0.0,0.0,-1,0.0,-1,0.0,-1,0.0,-1,0.0
0,14999136,89,2,6890322,6890459,483828.4516,394684.8421,1329353.535,1211595.687,4.733606,1817.104665,2,6889463,214273.3714,907809.1424,1697568,3247394.25,6998303,2512607.898,1656572,3153544.5,6889463,2499651.778
1,384,384,-1,384,-1,384.0,0.0,0.0,0.0,5208.333333,208333.3333,384,384,384.0,0.0,-1,0.0,-1,0.0,-1,0.0,-1,0.0
1,14105569,14105521,14105505,14105521,14105505,14100000.0,14100000.0,0.0,0.0,0.283576,99.109791,48,14105457,4701856.333,8143757.064,14105505,14100000.0,14105505,0.0,14105457,14100000.0,14105457,0.0
1,172414,-1,-1,-1,-1,0.0,0.0,0.0,0.0,11.599986,498.799401,172414,172414,172414.0,0.0,-1,0.0,-1,0.0,-1,0.0,-1,0.0
1,14,-1,-1,-1,-1,0.0,0.0,0.0,0.0,142857.1429,9785714.286,14,14,14.0,0.0,-1,0.0,-1,0.0,-1,0.0,-1,0.0
1,10640365,50903,6867,9793043,10138971,2660091.25,2573004.75,4758119.305,5044095.471,0.939817,308.354084,25,9793043,1182262.778,3232109.202,10239340,10200000.0,10239340,0.0,9793043,9793043.0,9793043,0.0
1,14906255,13,157633,2041437,2155395,634924.5652,876838.5294,661008.1745,640755.5319,2.817609,855.412711,13,1990087,363567.1951,519382.2804,1381316,3343231.75,5290192,1835849.552,1231220,1718904.0,1990087,336784.9291
1,788040,21437,21451,249147,269223,134944.75,197010.0,111921.2444,117439.722,12.689711,1126.846353,16,249107,87560.0,113472.1495,-1,0.0,-1,0.0,-1,0.0,-1,0.0
1,5691349,319645,5410040,5371704,5410040,2845674.5,5410040.0,3572345.178,0.0,0.878526,52.71158,45,5371659,1422837.25,2635491.073,5691304,5691304.0,5691304,0.0,5371659,5371659.0,5371659,0.0
0,2931339,21,13,273032,320321,566.106219,283.533101,8147.169585,6396.55992,5291.779627,5231989.886,11,272906,188.984527,4710.334135,-1,0.0,-1,0.0,-1,0.0,-1,0.0
